연도,저널 약어,논문 제목,저자,저널 상세,DOI
2025,ACS Energy Lett.,Integrated Capture and Conversion of Dilute CO2 Using Oxygen-Tolerant Porous Carbon-modified Gas Diffusion Electrode,"D. Pan, J. Yang, D. Vidyasagar, D. Kwon, U. Muliane, G.H. Gu, W. Kim, J. Kim, M.H. Oh, W. Choi",in press,https://doi.org/10.1021/acsenergylett.5c03504.s001
2025,Adv. Funct. Mater.,Triphasic WO3/Periodic Acid System for Amine-Specific Complexation and Ultrafast Photocatalytic Mineralization with Exceptional Quantum Efficiency,"F. He, S. Sun, B. Cai, R. Tian, M. W. Chung, S. Weon, W. Choi",in press,https://doi.org/10.1002/adfm.202528361
2025,Nature Commun.,C-F Bond Integration in Polymeric Carbon Nitride Enables Oxygen-Tolerant Photocatalytic Reduction of NO to N2,"S. Zhao, W. Choi",16 (2025) 11024,https://doi.org/10.1038/s41467-025-66008-z
2025,Environ. Sci. Technol.,Photooxidation of Natural and Waste Cr(III)-Bearing Hydroxides in Water and Ice: Cr(III)-O2 Complex-Mediated Oxidation and the Effect of Natural Organic Matter,"Y. Hu, J. Du, H.Y. Chung, K. Kim, G. Lee, W. Choi",59 (2025) 19502-19512,https://doi.org/10.1021/acs.est.5c09710
2025,Chem Catal.,Engineering Catalytic Sites for CO2-to-ethylene Photoconversion,"D. Vidyasagar, W. Choi",5 (2025) 101539,https://doi.org/10.1016/j.checat.2025.101539
2025,Proc. Natl. Acad. Sci. USA,Freeze-induced Crystallization: an Overlooked Pathway for Mineral Genesis in Natural Waters,"Y. Won, S. Lee, S. Lee, S. H. Park, J. Lim, W. Choi, G. Lee",122 (2025) e2421822122,https://doi.org/10.1073/pnas.2421822122
2025,Adv. Funct. Mater.,"Self-supportive Three-Way Photoelectrochemical System Achieving Uranium Recycling, Organic Oxidation, and Electricity Generation in Complex Waters","Y. Wang, Q. Zeng, H. Ji, R. Wang, J. Wang, Y. Wen, W. Choi, Q. Zeng",2503925 (2025),https://doi.org/10.1002/adfm.202503925
2025,Nat. Rev. Clean Technol.,Photo-assisted technologies for environmental remediation,"B. Weng, M. Zhang, Y. Lin, J. Yang, J. Lv, N. Han, J. Xie, H. Jia, B.-L. Su, M. Roeffaers, J. Hofkens, Y. Zhu, S. Wang, W. Choi, Y.-M. Zheng",in press (2025),https://doi.org/10.1038/s44359-025-00037-1
2025,ACS ES&T Eng.,Designing and understanding biphasic TiO2 composites for a long-lasting photocatalytic air purification,"U. Muliane, S. N. Lou, S. Lee, F. He, S. Zhao, K. Kato, A. Yamakata, W. Choi",5 (2025) 942-952,https://doi.org/10.1021/acsestengg.4c00738.s001
2025,Adv. Funct. Mater.,Molecular Engineering of Active Fe Center in Metalloporphyrin Coupled with Polyoxometalates for Efficient Photochemical Nitrogen Fixation: Synergistic Effect of Multiactive Sites Strengthening Metal-N-N* Interactions,"X. Li, Q. Dong, J. Wang, X. Liang, P. K.J. Robertson, F. Li, M. Guo, W. Choi, C. Wang",2424128 (2025),https://doi.org/10.1002/adfm.202424128
2025,ACS ES&T Eng.,Role of the TiO2 Crystalline Phase in Pt-TiO2 for Thermocatalytic Mineralization of Gaseous Acetaldehyde,"M. Lee, B. Kim, S. Kim, H. Kim, M. Park, W. Choi, W. Kim, H. Kim",5 (2025) 743-755,https://doi.org/10.1021/acsestengg.4c00654.s001
2025,Energy & Fuels,Egg Shell Mediated Ni5P4/Polypyrrole electrocatalyst for Sustainable Water Splitting,"G. Nasrin Banu, A.R. Stesho Lazuli, V. Ramalingam, K. Esackraj, R. Poonchi Sivasankaran, W. Choi, B. Neppolian",39 (2025) 750-763,https://doi.org/10.1021/acs.energyfuels.4c03688.s001
2024,ACS Nano,Designing 1 nm-thick MOF nanosheets with donor-acceptor complexes for photosynthesis of H2O2 using water and dioxygen only,"Y.-X. Li, Y. Hu, H.-S. Bae, J. Du, S. Zhao, D. Pan, W. Choi",18 (2024) 29233-29247,https://doi.org/10.1021/acsnano.4c11606
2024,Environ. Sci. Technol.,Simultaneous Oxidation of Bromide and Dissolution of Manganese Oxide Induced by Freezing,"Y. Wu, H. Wang, J. Du, Y. Hu, Q. Wu, W. Guo, W. Choi",58 (2024) 17948-17958,https://doi.org/10.1021/acs.est.4c07493
2024,Nature Commun.,Integrated Electrocatalytic Synthesis of Ammonium Nitrate from Dilute NO Gas on Metal Organic Frameworks-Modified Gas Diffusion Electrodes,"D. Pan, M. Austeria P, S. Lee, H.-S. Bae, F. He, G. H. Gu, W. Choi",15 (2024) 7243,https://doi.org/10.1038/s41467-024-51256-2
2024,J. Photochem. Photobiol. A: Chem.,Radical-Mediated Oxidative Desulfurization of Dibenzothiophene in a Chromophore-Enhanced Photocatalytic System,"J. Park, J. Yi, S. Kim, G.-h. Moon, W. Choi",456 (2024) 115854,https://doi.org/10.2139/ssrn.4846428
2024,Chem Catal.,Ti3+ Sites on Mesoporous Titania Enable Selective Photocatalytic Decomposition of NO to N2 and O2 under Visible Light,"S. Zhao, W. Choi",4 (2024) 101058,https://doi.org/10.1016/j.checat.2024.101058
2024,Appl. Catal. B: Environ. Energy,Coproduction of Hydrogen Peroxide and Formic Acid as Potential Hydrogen-Carrier through Photocatalytic Reformation of Sacrificial Chemical,"K. T. Wong, C. E. Choong, W. Kim, Y. Yoon, W. Choi, E. H. Choi, M. Jang",357 (2024) 124256,https://doi.org/10.1016/j.apcatb.2024.124256
2024,Appl. Catal. B: Environ.,Bifunctional Fenton-like Catalyst Enabling Oxidative and Reductive Removal of Contaminants Synergically in Chemical Reagent-Free Aerated Solution,"C. Kim, S. Kim, Y. Park, W. Choi",341 (2024) 123287,https://doi.org/10.1016/j.apcatb.2023.123287
2024,Appl. Catal. B: Environ.,Photoelectrochemical water oxidation using hematite modified with metal-incorporated graphitic carbon nitride film as a surface passivation and hole transfer overlayer,"T. H. Jeon, C. Park, U. Kang, G.-h. Moon, W. Kim, H. Park, W. Choi",340 (2024) 123167,https://doi.org/10.1016/j.apcatb.2023.123167
2023,Environ. Sci. Technol.,Freezing-Enhanced Photoreduction of Iodate by Fulvic Acid,"J. Du, Y. Hu, K. Kim, W. Choi",57 (2023) 20272-20281,https://doi.org/10.1021/acs.est.3c07278
2023,Nature Commun.,Unveiling the spatially confined oxidation processes in reactive electrochemical membranes,"Y. Kang, Z. Gu, B. Ma, W. Zhang, J. Sun, X. Huang, C. Hu, W. Choi, J. Qu",14 (2023) 6590 (),https://doi.org/10.1038/s41467-023-42224-3
2023,Adv. Optical Mater.,Decoding the Mechanistic Strategies of Lanthanide-based Luminescent Metal-Organic Frameworks towards Antibiotic Detection,"C. Yazhini, G. Mathew, M. Anpo, G. Maurin, W. Choi, B. Neppolian.",2301625 (2023),https://doi.org/10.1002/adom.202301625
2023,ACS Catal.,What Controls Direct Hole-Mediated Oxidation Kinetics in a Carbon Nitride-Based Photocatalytic System: A Model Study for Aqueous Aromatic Compounds,"Y. Hu, J. Du, G.-h. Moon, W. Choi",13 (2023) 12269-12280,https://doi.org/10.1021/acscatal.3c03342
2023,J. Phys. Chem. A,Biography of Michael R. Hoffmann,"K. Cho, W. Choi, D. Bahnemann",127 (2023) 6861–6864,https://doi.org/10.1021/acs.jpca.3c04805
2023,J. Phys. Chem. A,Tribute to Michael R. Hoffmann,"K. Cho, W. Choi, D. Bahnemann",127 (2023) 6859–6860,https://doi.org/10.1021/acs.jpca.3c04803
2023,Chem. Eng. J.,Repeated photocatalytic inactivation of E. coli by UV + Ni foam@TiO2: performance and photocatalyst deactivation,"M. Wang, Z. Xu, Z. Qi, Y. Cai, G. Li, W. Choi, T. An",468 (2023) 143680,https://doi.org/10.1016/j.cej.2023.143680
2023,J. Phys. Chem. C,Spectroelectrochemical Investigation of the local alkaline environment on the surface-nanostructured Au for the conversion of CO2 to CO,"B. Kim, C. W. Yoon, W. Kim, W. Choi",127 (2023) 10968-10976,https://doi.org/10.1021/acs.jpcc.3c02599
2023,Angew. Chem. Int. Ed.,Sculpting In-plane Fractal Porous Patterns in Two-Dimensional MOF Nanocrystals for Photoelectrocatalytic CO2 Reduction,"S. Dutta, A. Gurumoorthi, S. Lee, S. W. Jang, N. Kumari, Y.-R. Hong, W. Choi, C. Y. Son, I. S. Lee",e202303890 (2023),https://doi.org/10.1002/ange.202303890
2023,Environ. Sci. Technol.,MnO2-Induced Oxidation of Iodide in Frozen Solution,"J. Du, K. Kim, S. Son, D. Pan, S. Kim, W. Choi",57 (2023) 5317-5326,https://doi.org/10.1021/acs.est.3c00604
2023,Acc. Chem. Res.,Selective Control and Characteristics of Water Oxidation and Dioxygen Reduction in Environmental Photo(electro)catalytic Systems,"S. Lee, H.-S. Bae, W. Choi",56 (2023) 867-877,https://doi.org/10.1021/acs.accounts.3c00002
2023,J. Phys. Chem. C,Photoinduced Charge Storage with p-type NiO Nanoplates via Surface Trapped Holes,"S. N. Lou, V. K. Paidi, K.-S. Lee, H. Park, W. Choi",127 (2023) 5246-5254,https://doi.org/10.1021/acs.jpcc.3c00452
2023,Appl. Catal. B: Environ.,Paradox of Thiourea: A False-Positive and Promoter for Electrochemical Nitrogen Reduction on Nickel Sulfide Catalysts,"M.-C. Kim, J. Chung, T.-Y. An, J. Lee, M.-K. Han, S. Lee, W. Choi, J. K. Kim, S. S. Han, U. Sim, T. Yu",328 (2023) 122485,https://doi.org/10.1016/j.apcatb.2023.122485
2023,Appl. Catal. B: Environ.,Direct Photoconversion of Nitrite to Dinitrogen on Pd/TiO2 Coupled with Photooxidation of Aquatic Pollutants,"S. Lee, Y. Lee, W. Choi",327 (2023) 122432,https://doi.org/10.1016/j.apcatb.2023.122432
2023,ACS Catal.,Efficient Exciton Dissociation in Ionically Interacted Methyl Viologen and Polymeric Carbon Nitride for Superior H2O2 Photoproduction,"Y. Zhao, J. Gao, Z. Yang, L. Li, J. Cui, P. Zhang, C. Hu, C. Diao, W. Choi",13 (2023) 2790-2801,https://doi.org/10.1021/acscatal.2c06359
2023,Adv. Funct. Mater.,Dual-atom-site Sn-Cu/C3N4 Photocatalyst Selectively Produces Formaldehyde from CO2 Reduction,"B. Kim, D. Kwon, J.-O. Baeg, M. Austeria P, G. H. Gu, J.-H. Lee, J. Jeong, W. Kim, W. Choi",2212453 (2023),https://doi.org/10.1002/adfm.202212453
2023,J. Phys. Energy,2023 Roadmap on Photocatalytic Water Splitting,"D. Bahnemann, P. Robertson, C. Wang, W. Choi, H. Daly, M. Danish, H. d. Lasa, S. Escobedo, C. Hardacre, T. H. Jeon, B. Kim, H. Kisch, W. Li, M. Long, M. Muneer, N. Skillen, J. Zhang",5 (2023) 012004,https://doi.org/10.1088/2515-7655/aca9fd
2023,Catal. Today,Photocatalytic Mechanisms and Photocatalyst Deactivation during the Degradation of 5-fluorouracil in Water,"L. Ren, W. Huo, G. Li, W. Choi, T. An",410 (2023) 45-55,https://doi.org/10.1016/j.cattod.2022.04.027
2023,ACS Appl. Energy Mater.,Phenanthroimidazole-Based Covalent Organic Frameworks with Enhanced Activity for the Photocatalytic Hydrogen Evolution Reaction,"C.-X. Liu, D.-L. Pan, Y. Seo, S. Park, J.-L. Kan, J. Y. Koo, W. Choi, E. Lee",6 (2023) 1126-1133,https://doi.org/10.1021/acsaem.2c03897
2022,Chemosphere,Harnessing Waste Heat from Indoor Lamps for Sustainable Thermocatalytic Mineralization of Acetaldehyde Using Platinized TiO2,"M. Lee, H. Yim, B. Kim, S. Kim, W. Choi, W. Kim, H.-i. Kim",308 (2022) 136350,https://doi.org/10.1016/j.chemosphere.2022.136350
2022,ACS Catal.,Artificial Photosynthesis of H2O2 through the Reversible Photoredox Transformation between Catechol and o-Benzoquinone on Polydopamine-Coated CdS,"Z. Wei, S. Zhao, W. Li, X. Zhao, C. Chen, D. L. Phillips, Y. Zhu, W. Choi",12 (2022) 11436-11443,https://doi.org/10.1021/acscatal.2c03288
2022,Chem Catal.,Polarization-induced exciton dissociation in COF photocatalyst,"Y.-X. Li, W. Choi",2 (2022) 1517-1519,https://doi.org/10.1016/j.checat.2022.06.019
2022,ACS ES&T Engineering,Designing Eco-Functional Redox Conversions Integrated in Environmental Photo(electro)catalysis,"S. N. Lou, J. Lim, T. H. Jeon, W. Choi",2 (2022) 1116-1129,https://doi.org/10.1021/acsestengg.2c00009
2022,ACS ES&T Engineering,Solar Energy Utilization and Photo(electro)catalysis for Sustainable Environment,"W. Choi, F. Dong, M. Hatzell, G. Mul",2 (2022) 940-941,https://doi.org/10.1021/acsestengg.2c00182
2022,J. Phys. Chem. C,Cobalt-Copper Nanoparticles on Three-Dimensional Substrate for Efficient Ammonia Synthesis via Electrocatalytic Nitrate Reduction,"T. H. Jeon, Z.-Y. Wu, F.-Y. Chen, W. Choi, P. Alvarez, H. Wang",126 (2022) 6982-6989,https://doi.org/10.1021/acs.jpcc.1c10781
2022,Environ. Sci. Technol.,Freeze-Thaw Cycle-Enhanced Transformation of Iodide to Organoiodine Compounds in the Presence of Natural Organic Matter and Fe(III),"J. Du, K. Kim, D. W. Min, W. Choi",56 (2022) 1007-1016,https://doi.org/10.1021/acs.est.1c06747
2022,ACS Energy Lett.,High-Valent Iron Redox-Mediated Photoelectrochemical Water Oxidation,"T. H. Jeon, S. Han, B. Kim, C. Park, W. Kim, H. Park, W. Choi",7 (2022) 59-66,https://doi.org/10.1021/acsenergylett.1c02430
2022,ACS ES&T Engineering,Synergistic Coupling of Fe2O3 and Carbon Paper that Enables Photocatalytic Mineralization of Organic Contaminants in the Absence of Chemical Oxidants under Visible Light,"C. Kim, S. Chae, Y. Park, W. Choi",2 (2022) 232-241,https://doi.org/10.1021/acsestengg.1c00363.s001
2022,Chem. Eng. J.,Fe2O3 Nanorods on Carbon Nanofibers Induce Spontaneous Reductive Transformation of Inorganic Contaminants in Ambient Aerated Water,"C. Kim, J. Lim, S. Kim, Y. Park, W. Choi",429 (2022) 132108,https://doi.org/10.1016/j.cej.2021.132108
2022,Chem. Eng. J.,Deep Oxidation of Gaseous Formaldehyde at Room-Temperature by a Durable Catalyst Formed through the Controlled Addition of Potassium to Platinum Supported on Waste Eggshell,"K. Vikrant, K.-H. Kim, F. Dong, D. W. Boukhvalov, W. Choi",428 (2022) 131177,https://doi.org/10.1016/j.cej.2021.131177
2022,Chem. Eng. J.,Freezing-induced activation of the binary chloride-Oxone system to free chlorine and its application in water treatment,"K. Kim, N. T. H. Le, A. Q. K. Nguyen, Y.-Y. Ahn, B. Kim, G. Shin, W. Choi, J. Kim",428 (2022) 131134,https://doi.org/10.1016/j.cej.2021.131134
2021,ACS Catal.,Bifunctional Carbon Nitride Exhibiting Both Enhanced Photoactivity and Residual Catalytic Activity in the Post-Irradiation Dark Period,"Y. Hu, P. Zhang, J. Du, C. Kim, S. Han, W. Choi",11 (2021) 14941-14955,https://doi.org/10.1021/acscatal.1c04564
2021,Nature Commun.,Self-wetting triphase photocatalysis for effective and selective removal of hydrophilic volatile organic compounds in air,"F. He, S. Weon, W. Jeon, M. W. Chung, W. Choi",12 (2021) 6259 (),https://doi.org/10.1038/s41467-021-26541-z
2021,Electrochimica Acta,Local pH induced electrochemical CO2 reduction on nanostructured Ag for adjustable syngas composition,"J. Lim, H. Lim, B. Kim, S. M. Kim, J.-B. Lee, K. R. Cho, H. Choi, S. Sultan, W. Choi, W. Kim, Y. Kwon",395 (2021) 139190,https://doi.org/10.1016/j.electacta.2021.139190
2021,Appl. Catal. B: Environ.,Photocatalytic Production of H2O2 from Water and Dioxygen only under Visible Light using Organic Polymers: Systematic Study of the Effects of Heteroatoms,"H. Kim, K. Shim, K. E. Lee, J. W. Han, Y. Zhu, W. Choi",299 (2021) 120666,https://doi.org/10.1016/j.apcatb.2021.120666
2021,ACS ES&T Engineering,Quantitative Photoelectrochemical Conversion of Ammonium to Dinitrogen Using Bromide-Mediated Redox Cycle,"M. S. Koo, S. Han, K. Cho, W. Choi",1 (2021) 1287-1297,https://doi.org/10.1021/acsestengg.1c00119
2021,Mater. Chem. Frontiers,Synergistic Effect of Sn Doping and Hydrogenation on Hematite Electrodes for Photoelectrochemical Water Oxidation,"T. H. Jeon, H.-i. Cho, H. Park, H.-i. Kim, W. Choi",5 (2021) 6592-6602,https://doi.org/10.1039/d1qm00847a
2021,Energy Environ. Sci.,Solar Denitrification Coupled with in situ Water Splitting,"S. Lee, S. Kim, C. Park, W. Kim, S. Ryu, W. Choi",14 (2021) 4437-4450,https://doi.org/10.1039/d1ee01342d
2021,Nature Commun.,Mechanistic Analysis of Multiple Processes Controlling Solar-driven H2O2 Synthesis Using Engineered Polymeric Carbon Nitride,"Y. Zhao, P. Zhang, Z. Yang, L. Li, J. Gao, S. Chen, T. Xie, C. Diao, S. Xi, B. Xiao, C. Hu, W. Choi",12 (2021) 3701,https://doi.org/10.1038/s41467-021-24048-1
2021,Appl. Catal. B: Environ.,Fouling of TiO2 Induced by Natural Organic Matters during Photocatalytic Water Treatment: Mechanisms and Regeneration Strategy,"X. Yang, H. Sun, G. Li, T. An, W. Choi",294 (2021) 120252,https://doi.org/10.1016/j.apcatb.2021.120252
2021,Nature Commun.,Photocatalytic Air Purification Mimicking the Self-Cleaning Process of the Atmosphere,"F. He, W. Jeon, W. Choi",12 (2021) 2528,https://doi.org/10.1038/s41467-021-22839-0
2021,Energy Environ. Sci.,Solar Photoelectrochemical Synthesis of Electrolyte-free H2O2 Aqueous Solution without Needing Electrical Bias and H2,"T. H. Jeon, B. Kim, C. Kim, C. Xia, H. Wang, P.J.J. Alvarez, W. Choi",14 (2021) 3110-3119,https://doi.org/10.1039/d0ee03567j
2021,Chem. Eng. J.,Photoelectrocatalysis as a High-Efficiency Platform for Pulping Wastewater Treatment and Energy Production,"H. Rajput, E. E. Kwon, S. A. Younis, S. Weon, T. H. Jeon, W. Choi, K.-H. Kim",412 (2021) 128612,https://doi.org/10.1016/j.cej.2021.128612
2021,Appl. Catal. B: Environ.,Crystal Phase-dependent Generation of Mobile OH Radicals on TiO2: Revisiting the Photocatalytic Oxidation Mechanism of Anatase and Rutile,"J. Y. Hwang, G.-h. Moon, B. Kim, T. Tachikawa, T. Majima, S. Hong, K. Cho, W. Kim, W. Choi",286 (2021) 119905,https://doi.org/10.1016/j.apcatb.2021.119905
2021,Appl. Catal. B: Environ.,Complexes of Fe(III)-organic pollutants that directly activate Fenton-like processes under visible light,"R. Yin, Y. Chen, J. Hu, G. Lu, L. Zeng, W. Choi, M. Zhu",283 (2021) 119663,https://doi.org/10.1016/j.apcatb.2020.119663
2021,ACS EST Engg.,Photoconversion of Cyanide to Dinitrogen Using Durable Electrode of TaON Overlayer-Deposited WO3 Film and Visible Light,"M. S. Koo, H. Kim, K. E. Lee, W. Choi",1 (2021) 228−238,https://doi.org/10.1021/acsestengg.0c00070
2021,ACS ES&T Engineering,Introducing the Inaugural Editorial Board of ACS ES&T Engineering,"W. Choi, N. G. Love, J.-H. Kim, J. Ma.",1 (2021) 154-156,https://doi.org/10.1021/acsestengg.1c00031
2021,ACS EST Engg.,Launch of ACS ES&T Engineering and Redefining Environmental Engineering,"W. Choi, N. G. Love, J.-H. Kim, J. Ma.",1 (2021) 1-2,https://doi.org/10.1021/acsestengg.0c00130
2021,Appl. Catal. B: Environ.,Photocatalytic activity enhancement of PDI supermolecular via π-π action and energy level adjusting with graphene quantum dots,"J. Yang, H. Miao, J. Jing, Y. Zhu, W. Choi",281 (2021) 119547,https://doi.org/10.1016/j.apcatb.2020.119547
2020,Environ. Sci. Technol.,Cr(VI) Formation via Oxyhalide-Induced Oxidative Dissolution of Chromium Oxide/Hydroxide in Aqueous and Frozen solution,"D. W. Min, K. Kim, B. Kim, G. Lee, W. Choi",54 (2020) 14413-14421,https://doi.org/10.1021/acs.est.0c04851
2020,ACS Nano,Holey Pt Nanosheets on NiFe-Hydroxide Laminates: Synergistically Enhanced Electrocatalytic 2D-Interface toward Hydrogen Evolution Reaction,"S. W. Jang, S. Dutta, A. Kumar, Y.-R. Hong, H. Kang, S. Lee, S. Ryu, W. Choi, I. S. Lee",14 (2020) 10578-10588,https://doi.org/10.1021/acsnano.0c04628
2020,Carbon Energy,Photocatalytic Activity Enhanced via Surface Hybridization,"Y. Guo, H. Li, W. Ma, W. Shi, Y. Zhu, W. Choi",2 (2020) 308-349,https://doi.org/10.1002/cey2.66
2020,Angew. Chem. Int. Ed.,Heteroatom dopants promote two-electron O2 reduction for photocatalytic production of H2O2 on polymeric carbon nitride,"P. Zhang, Y. Tong, Y. Liu, J. J. M. Vequizo, H. Sun, C. Yang, A. Yamakata, F. Fan, W. Lin, X. Wang, W. Choi",59 (2020) 16209-16217,https://doi.org/10.1002/anie.202006747
2020,Phys. Chem. Chem. Phys.,Entangled Iodine and Hydrogen Peroxide Formation in Ice,"Y. S. Baek, K. Kim, A. Saiz-Lopez, D. W. Min, B. Kim, W. Choi, C. H. Choi",22 (2020) 16532-16535,https://doi.org/10.1039/d0cp02966a
2020,Appl. Catal. B: Environ.,Substrate-specific Mineralization and Deactivation Behaviors of TiO2 as an Air-cleaning Photocatalyst,"F. He, U. Muliane, S. Weon, W. Choi",275 (2020) 119145,https://doi.org/10.1016/j.apcatb.2020.119145
2020,Nature Commun.,Selective electroreduction of CO2 to acetone by single copper atoms anchored on N-doped porous carbon,"K. Zhao, X. Nie, H. Wang, S. Chen, X. Quan, H. Yu, W. Choi, G. Zhang, B. Kim, J. G. Chen",11 (2020) 2455,https://doi.org/10.1038/s41467-020-16381-8
2020,Environ. Sci. Technol.,Production of Reactive Oxygen Species by the Reaction of Periodate and Hydroxylamine for Rapid Removal of Organic Pollutants and Waterborne Bacteria,"H. Sun, F. He, W. Choi",54 (2020) 6427-6437,https://doi.org/10.1021/acs.est.0c00817
2020,ACS Sustain. Chem. Eng.,Nafion-Assisted Noncovalent Assembly of Molecular Sensitizers and Catalysts for Sustained Photoreduction of CO2 to CO,"S. Lee, S. Kim, C. Park, G.-h. Moon, H.-J. Son, J.-O. Baeg, W. Kim, W. Choi",8 (2020) 3709-3717,https://doi.org/10.1021/acssuschemeng.9b06797
2020,Nature Commun.,Ag(I) Ions Working as a Hole-Transfer Mediator in Photoelectrocatalytic Water Oxidation on WO3 Film,"T. H. Jeon, D. Monllor-Satoca, G.-H. Moon, W. Kim, H.-i. Kim, D. Bahnemann, H. Park, W. Choi",11 (2020) 967,https://doi.org/10.1038/s41467-020-14775-2
2020,Chem. Eng. J.,Freezing-enhanced Non-radical Oxidation of Organic Pollutants by Peroxymonosulfate,"N. T. H. Le, J. Ju, B. Kim, S. Kim, W. Choi, K. Kim, J. Kim",388 (2020) 124226,https://doi.org/10.1016/j.cej.2020.124226
2020,Energy Environ. Sci.,Highly Durable Photoelectrochemical H2O2 Production via Dual Photoanode and Cathode Processes under Solar Simulating and External Bias-free Condition,"T. H. Jeon, H. Kim, H.-i. Kim, W. Choi",13 (2020) 1730-1742,https://doi.org/10.1039/c9ee03154e
2020,Environ. Sci. Technol.,How g-C3N4 Works and Is Different from TiO2 as Environmental Photocatalyst: Mechanistic View,"J. Lim, H. Kim, J. Park, G.-h. Moon, J. J. M. Vequizo, A. Yamakata, J. Lee, W. Choi",54 (2020) 497-506,https://doi.org/10.1021/acs.est.9b05044.s001
2020,Nano Energy,Single-Atom Platinum Confined by the Interlayer Nanospace of Carbon Nitride for Efficient Photocatalytic Hydrogen Evolution,"Z. Zeng, X. Quan, W. Choi, G. Zhang, N. Liu, S. Chen, H. Yu, B. Kim, S. Zhang",69 (2020) 104409,https://doi.org/10.1016/j.nanoen.2019.104409
2020,Energy Environ. Sci.,"A Highly Active, Robust Photocatalyst Heterogenized in Discrete Cages of Metal-Organic Polyhedra for CO2 Reduction","H. S. Lee, S. Jee, R. Kim, H.-T. Bui, B. Kim, J.-K. Kim, K. S. Park, W. Choi, W. Kim, K. M. Choi",13 (2020) 519-526,https://doi.org/10.1039/c9ee02619c
2020,J. Hazard. Mater.,Halide-Induced Dissolution of Lead(IV) Oxide in Frozen Solution,"S. P. M. Menacherry, D. W. Min, D. Jeong, C. T. Aravindakumar, W. Lee, W. Choi",384 (2020) 121298,https://doi.org/10.1016/j.jhazmat.2019.121298
2020,Appl. Catal. B: Environ.,Spontaneous Oxidation of Arsenite on Platinized TiO2 through Activating Molecular Oxygen under Ambient Aqueous Condition,"D.-h. Kim, G.-h. Moon, M. S. Koo, H.-i. Kim, W. Choi",260 (2020) 118146,https://doi.org/10.1016/j.apcatb.2019.118146
2019,Environ. Sci.: Nano,Status and Challenges in Photocatalytic Nanotechnology for Cleaning Air Polluted with Volatile Organic Compounds: Visible Light Utilization and Catalyst Deactivation,"S. Weon, F. He, W. Choi",6 (2019) 3185-3214,https://doi.org/10.1039/c9en00891h
2019,Chem. Eur. J.,Organometallic Iridium(III) Complex Sensitized Ternary Hybrid Photocatalyst for CO2 to CO Conversion,"P. S. Kim, S. Choi, S.-Y. Kim, J. H. Jo, Y. S. Lee, B. Kim, W. Kim, W. Choi, C. H. Kim, Ho-Jin Son, C. Pac, S. O. Kang",25 (2019) 13609-13623,https://doi.org/10.1002/chem.201903136
2019,Appl. Catal. B: Environ.,Ambient-Temperature Catalytic Degradation of Aromatic Compounds on Iron Oxide Nanorods Supported on Carbon Nanofiber Sheet,"Y. Park, C. Kim, M. Kim, S. Kim, W. Choi",259 (2019) 118066,https://doi.org/10.1016/j.apcatb.2019.118066
2019,Environ. Sci. Technol.,In Situ Photoelectrochemical Chloride Activation Using WO3 Electrode for Oxidative Treatment with Simultaneous H2 Evolution under Visible Light,"M. S. Koo, X. Chen, K. Cho, T. An, W. Choi",53 (2019) 9926-9936,https://doi.org/10.1021/acs.est.9b02401
2019,J. Catal.,Alkali-Metal-Oxides Coated Ultrasmall Pt Sub-nanoparticles Loading on Intercalated Carbon Nitride: Enhanced Charge Interlayer Transportation and Suppressed Backward Reaction for Overall Water Splitting,"Z. Zeng, X. Quan, H. Yu, S. Chen, W. Choi, B. Kim, S. Zhang",377 (2019) 72-80,https://doi.org/10.1016/j.jcat.2019.07.018
2019,Appl. Catal. B: Environ.,•OH Radicals Determined Photocatalytic Degradation Mechanisms of Gaseous Styrene in TiO2 System under 254 nm versus 185 nm Irradiation: Combined Experimental and Theoretical Studies,"J. Chen, Z. He, Y. Ji, G. Li, T. An, W. Choi",257 (2019) 117912,https://doi.org/10.1016/j.apcatb.2019.117912
2019,Appl. Catal. B: Environ.,Understanding the Relative Efficacies and Versatile Roles of 2D Conductive Nanosheets in Hybrid-type Photocatalyst,"S. Son, J. M. Lee, S.-J. Kim, H. Kim, X. Jin, K. K. Wang, M. Kim, J. W. Hwang, W. Choi, Y.-R. Kim, H. Kim, S.-J. Hwang",257 (2019) 117875,https://doi.org/10.1016/j.apcatb.2019.117875
2019,J. Advances in Modeling Earth Systems,"Modeling the Sources and Chemistry of Polar Tropospheric Halogens (Cl, Br, I) using the CAM-Chem Global Chemistry-Climate Model","R. P. Fernandez, A. Carmona-Balea, C. A. Cuevas, J. A. Barrera, D. E. Kinnison, J.-F. Lamarque, C. Blaszczak-Boxe, K. Kim, W. Choi, T. Hay, A.-M. Blechschmidt, A. Schönhardt, J. P. Burrows, A. Saiz-Lopez",11 (2019) 2259-2289,https://doi.org/10.1029/2019ms001655
2019,Environ. Sci.: Nano,RuO2 Two-Dimensional Nanosheets as Robust Catalyst for Peroxymonosulfate Activation,"J. Lim, J. M. Lee, C. Kim, S.-J. Hwang, J. Lee, W. Choi",6 (2019) 2084-2093,https://doi.org/10.1039/c9en00500e
2019,Environ. Sci. Technol.,Abiotic Formation of Humic-like Substances through Freezing-Accelerated Reaction of Phenolic Compounds and Nitrite,"D. W. Min, K. Kim, K. H. Lui, B. Kim, S. Kim, J. Cho, W. Choi",53 (2019) 7410-7418,https://doi.org/10.1021/acs.est.9b00950
2019,Environ. Sci. Technol.,Simultaneous and Synergic Production of Bioavailable Iron and Reactive Iodine Species in Ice,"K. Kim, S. P. M. Menacherry, J. Kim, H. Y. Chung, D. Jeong, A. Saiz-Lopez, W. Choi",53 (2019) 7355-7362,https://doi.org/10.1021/acs.est.8b06659
2019,Environ. Sci. Technol.,Nitrite-Induced Activation of Iodate into Molecular Iodine in Frozen Solution,"K. Kim, J. Ju, B. Kim, H. Y. Chung, L. Vetrakova, D. Heger, A. Saiz-Lopez, W. Choi, J. Kim",53 (2019) 4892–4900,https://doi.org/10.1021/acs.est.8b06638
2019,ACS Appl. Mater. Interfaces,Triplet–Triplet Annihilation Upconversion in Broadly Absorbing Layered Film Systems for Sub-bandgap Photocatalysis,"A. Hagstrom, S. Weon, W. Choi, J.-H. Kim",11 (2019) 13304−13318,https://doi.org/10.1021/acsami.9b01945
2019,Environ. Sci. Technol.,Spontaneous Generation of H2O2 and Hydroxyl Radical through O2 Reduction on Copper Phosphide under Ambient Aqueous Condition,"H. Kim, J. Lim, S. Lee, H.-H. Kim, C. Lee, J. Lee, W. Choi",53 (2019) 2918−2925,https://doi.org/10.1021/acs.est.8b06353
2019,Nature Commun.,Modified Carbon Nitride Nanozyme as Bifunctional Glucose Oxidase-Peroxidase for Metal-free Bioinspired Cascade Photocatalysis,"P. Zhang, D. Sun, A. Cho, S. Weon, S. Lee, J. Lee, J. W. Han, D.-P. Kim, W. Choi",10 (2019) 940,https://doi.org/10.1038/s41467-019-08731-y
2019,Environ. Sci. Technol.,The Technology Horizon for Photocatalytic Water Treatment: Sunrise or Sunset?,"S. Loeb, P. Alvarez, J. Brame, E. Cates, W. Choi, J. Crittenden, D. D. Dionysiou, Q. Li, G. Li Puma, X. Quan, D. Sedlak, T. D. Waite, P. Westerhoff, J.-H. Kim",53 (2019) 2937−2947,https://doi.org/10.1021/acs.est.8b05041
2019,Energy Environ. Sci.,Two-Dimensional Materials in Semiconductor Photoelectrocatalytic Systems for Water Splitting,"M. Faraji, M. Yousefi, S. Yousefzadeh, M. Zirak, N. Naseri, T. H. Jeon, W. Choi, A. Z. Moshfegh",12 (2019) 59-95,https://doi.org/10.1039/c8ee00886h
2019,Chem. Eng. J.,Air-Water Interfacial Fluidic Sonolysis in Superhydrophobic Silicon-Nanowire-Embedded System for Fast Water Treatment,"C.-H. Choi, D.-H. Ko, B. Park, Y. Choi, W. Choi, D.-P. Kim",358 (2019) 1594-1600,https://doi.org/10.1016/j.cej.2018.10.126
2019,Chem. Eng. J.,Electrocatalytic Cogeneration of Reactive Oxygen Species for Synergistic Water Treatment,"S. Y. Yang, H. W. Jeong, B.-j. Kim, D. S. Han, W. Choi, H. Park",358 (2019) 497-503,https://doi.org/10.1016/j.cej.2018.09.192
2019,J. Hazard. Mater.,Homogeneous Photocatalytic Fe3+/Fe2+ Redox Cycle for Simultaneous Cr(VI) Reduction and Organic Pollutant Oxidation: Roles of Hydroxyl Radical and Degradation Intermediates,"D.-h. Kim, D. Lee, D. Monllor-Satoca, K. Kim, W. Lee, W. Choi",372 (2019) 121-128,https://doi.org/10.1016/j.jhazmat.2018.03.055
2018,Environ. Sci. Technol.,Ligand-specific Dissolution of Iron Oxides in Frozen Solutions,"S. P. Menacherry, K. Kim, W. Lee, C. H. Choi, W. Choi",52 (2018) 13766-13773,https://doi.org/10.1021/acs.est.8b04484
2018,ACS Catal.,Dual Functional Photocatalytic and Photoelectrocatalytic Systems for Energy and Resource-Recovering Water Treatment,"T. H. Jeon, M. S. Koo, H. Kim, W. Choi",8 (2018) 11542-11563,https://doi.org/10.1021/acscatal.8b03521
2018,Environ. Sci. Technol.,Active {001} Facet Exposed TiO2 Nanotubes Photocatalyst Filter for Volatile Organic Compounds Removal: From Material Development to Commercial Indoor Air Cleaner Application,"S. Weon, E. Choi, H. Kim, J. Y. Kim, H.-J. Park, S.-m. Kim, W. Kim, W. Choi",52 (2018) 9330-9340,https://doi.org/10.1021/acs.est.8b02282
2018,Appl. Catal. B: Environ.,Hydrogenated Heterojunction of Boron Nitride and Titania Enables the Photocatalytic Generation of H2 in the Absence of Noble Metal Catalysts,"Z. He, C. Kim, T. H. Jeon, W. Choi",237 (2018) 772-782,https://doi.org/10.1016/j.apcatb.2018.06.008
2018,Appl. Catal. B: Environ.,Oxidation of Organic Pollutants by Peroxymonosulfate Activated with Low-Temperature-Modified Nanodiamonds: Understanding the Reaction Kinetics and Mechanism,"E.-T. Yun, G.-H. Moon, H. Lee, T. H. Jeon, C. Lee, W. Choi, J. Lee",237 (2018) 432-441,https://doi.org/10.1016/j.apcatb.2018.04.067
2018,Appl. Catal. B: Environ.,A Novel Strategy to Develop Non-noble Metal Catalyst for CO2 Electroreduction: Hybridization of Metal-Organic Polymer,"Y. Mun, K. Kim, S. Kim, S. Lee, S. Lee, S. Kim, W. Choi, S.-k. Kim, J. W. Han, J. Lee",236 (2018) 154-161,https://doi.org/10.1016/j.apcatb.2018.05.025
2018,ACS Appl. Energy Mater.,#NAME?,"P. Karthik, R. Vinoth, P. Zhang, W. Choi, E. Balaraman, B. Neppolian",1 (2018) 1913-1923,https://doi.org/10.1021/acsaem.7b00245
2018,ACS Catal.,Polymeric Carbon Nitride with Localized Aluminum Coordination Sites as a Durable and Efficient Photocatalyst for Visible Light Utilization,"C. H. Choi, L. Lin, S. Gim, S. Lee, H. Kim, X. Wang, W. Choi",8 (2018) 4241-4256,https://doi.org/10.1021/acscatal.7b03512
2018,Chem. Eng. J.,Activation of Peroxymonosulfate on Visible Light Irradiated TiO2 via a Charge Transfer Complex Path,"Y. Jo, C. Kim, G.-H. Moon, J. Lee, T. An, W. Choi",346 (2018) 249-257,https://doi.org/10.1016/j.cej.2018.03.150
2018,Appl. Catal. B: Environ.,"Enhanced Photocatalytic Mechanism of Ag3PO4 Nano-Sheets Using MS2 (M=Mo, W)/rGO Hybrids as Co-catalysts for 4-Nitrophenol Degradation in Water","W. Zhang, G. Li, W. Wang, Y. Qin, T. An, X. Xiao, W. Choi",232 (2018) 11-18,https://doi.org/10.1016/j.apcatb.2018.03.006
2018,ACS Catal.,Mechanisms of Photocatalytic Molecular Hydrogen and Molecular Oxygen Evolution over La-Doped NaTaO3 Particles: Effect of Different Cocatalysts and Their Specific Activity,"I. Ivanova, T. A. Kandiel, Y.-J. Cho, W. Choi, D. Bahnemann",8 (2018) 2313-2325,https://doi.org/10.1021/acscatal.7b04326
2018,Appl. Catal. B: Environ.,Photocatalytic Hydrogen Peroxide Production by Anthraquinone-Augmented Polymeric Carbon Nitride,"H.-i. Kim, Y. Choi, S. Hu, W. Choi, J.-H. Kim",229 (2018) 121-129,https://doi.org/10.1016/j.apcatb.2018.01.060
2018,Appl. Catal. B: Environ.,Visible Light-Photosensitized Oxidation of Organic Pollutants Using Amorphous Peroxo-Titania,"J. Seo, H. Lee, H.-J. Lee, M. S. Kim, S. W. Hong, J. Lee, K. Cho, W. Choi, C. Lee",225 (2018) 487-495,https://doi.org/10.1016/j.apcatb.2017.12.009
2018,Appl. Catal. B: Environ.,Visible Light-induced Catalytic Activation of Peroxymonosulfate Using Heterogeneous Surface Complexes of Amino Acids on TiO2,"J. Lim, D.-y. Kwak, F. Sieland, C. Kim, D. W. Bahnemann, W. Choi",225 (2018) 406-414,https://doi.org/10.1016/j.apcatb.2017.12.025
2018,J. Catal.,Selective Charge Transfer to Dioxygen on KPF6-modified Carbon Nitride for Photocatalytic Synthesis of H2O2 under Visible Light,"S. Kim, G.-h. Moon, H. Kim, Y. Mun, P. Zhang, J. Lee, W. Choi",357 (2018) 51-58,https://doi.org/10.1016/j.jcat.2017.10.002
2018,Appl. Catal. B: Environ.,Dual-components Modified TiO2 with Pt and Fluoride as Deactivation-Resistant Photocatalyst for the Degradation of Volatile Organic Compound,"S. Weon, J. Kim, W. Choi",220 (2018) 1-8,https://doi.org/10.1016/j.apcatb.2017.08.036
2017,ACS Appl. Mater. Interfaces,Distorted Carbon Nitride Structure with Substituted Benzene Moieties for Enhanced Visible Light Photocatalytic Activities,"H. Kim, S. Gim, T. H. Jeon, H. Kim, W. Choi",9 (2017) 40360-40368,https://doi.org/10.1021/acsami.7b14191
2017,Nano Energy,Formation of Heterostructures via Direct Growth CN on h-BN Porous Nanosheets for Metal-free Photocatalysis,"Z. He, C. Kim, L. Lin, T. H. Jeon, S. Lin, X. Wang, W. Choi",42 (2017) 58-68,https://doi.org/10.1016/j.nanoen.2017.10.043
2017,J. Mater. Chem. A,Enhanced Hydrogen Production from Ammonia Borane Using Controlled Plasmonic Performance of Au Nanoparticles Deposited on TiO2,"S. Jo, P. Verma, Y. Kuwahara, K. Mori, W. Choi, H. Yamashita",5 (2017) 21883-21892,https://doi.org/10.1039/c7ta07264c
2017,J. Phys. Chem. C,Vertically Aligned Core-Shell PbTiO3@TiO2 Heterojunction Nanotubes Array for Photoelectrochemical and Photocatalytic Applications,"J. S. Jang, C. W. Ahn, S. S. Won, J. H. Kim, W. Choi, B.-S. Lee, J.-H. Yoon, H. G. Kim, J. S. Lee",121 (2017) 15063-15070,https://doi.org/10.1021/acs.jpcc.7b03081
2017,Appl. Catal. B: Environ.,Synergistic Combination of Bandgap-modified Carbon Nitride and WO3 for Visible Light-induced Oxidation of Arsenite Accelerated by in-situ Fenton Reaction,"G.-h. Moon, S. Kim, Y.-J. Cho, J. Lim, D.-h. Kim, W. Choi",218 (2017) 819-824,https://doi.org/10.1016/j.apcatb.2017.07.021
2017,Environ. Sci. Technol.,Accelerated Reduction of Bromate in Frozen Solution,"D. W. Min, W. Choi",51 (2017) 8368-8375,https://doi.org/10.1021/acs.est.7b00915
2017,Nano Energy,Ultra-efficient and Durable Photoelectrochemical Water Oxidation Using Elaborately Designed Hematite Nanorod Arrays,"T. H. Jeon, G.-h. Moon, H. Park, W. Choi",39 (2017) 211-218,https://doi.org/10.1016/j.nanoen.2017.06.049
2017,RSC Adv.,"Visible Light Sensitization of TiO2 Nanoparticles by a Dietary Pigment, Curcumin, for Environmental Photochemical Transformations","J. Lim, A. D. Bokare, W. Choi",7 (2017) 32488-32495,https://doi.org/10.1039/c7ra05276f
2017,Environ. Sci. Technol.,Photoelectrochemical Degradation of Organic Compounds Coupled with Molecular Hydrogen Generation using Electrochromic TiO2 Nanotube Arrays,"M. S. Koo, K. Cho, J. Yoon, W. Choi",51 (2017) 6590-6598,https://doi.org/10.1021/acs.est.7b00774
2017,Appl. Catal. B: Environ.,Highly Efficient Hydrogen Production Using p-Si Wire Arrays and NiMoZn Heterojunction Photocathodes,"S. K. Choi, G. Piao, W. Choi, H. Park",217 (2017) 615-621,https://doi.org/10.1016/j.apcatb.2017.06.020
2017,ACS Appl. Mater. Interfaces,Investigating the Unrevealed Photocatalytic Activity and Stability of Nanostructured Brookite TiO2 Film as an Environmental Photocatalyst,"M. Choi, J. Lim, W. Choi, W. Kim, K. Yong",9 (2017) 16252-16260,https://doi.org/10.1021/acsami.7b03481
2017,Angew. Chem. Int. Ed.,Iron Oxide Photoelectrode with Multidimensional Architecture for Highly Efficient Photoelectrochemical Water Splitting,"J. S. Kang, Y. Noh, J. Kim, H. Choi, T. H. Jeon, D. Ahn, J.-Y. Kim, S.-H. Yu, H. Park, J.-H. Yum, W. Choi, D. C. Dunand, H. Choe, Y.-E. Sung",56 (2017) 6583-6588,https://doi.org/10.1002/anie.201703326
2017,Environ. Sci. Technol.,Sequential Process Combination of Photocatalytic Oxidation and Dark Reduction for the Removal of Organic Pollutants and Cr(VI) using Ag/TiO2,"Y. Choi, M. S. Koo, A. Bokare, D.-h. Kim, D. Bahnemann, W. Choi",51 (2017) 3973-3981,https://doi.org/10.1021/acs.est.6b06303
2017,ACS Catal.,Eco-Friendly Photochemical Production of H2O2 through O2 Reduction over Carbon Nitride Frameworks Incorporated with Multiple Hetero-Elements,"G.-h. Moon, M. Fujitsuka, S. Kim, T. Majima, X. Wang, W. Choi",7 (2017) 2886-2895,https://doi.org/10.1021/acscatal.6b03334
2017,J. Catal.,Photocatalytic Conversion of Acetate into Molecular Hydrogen and Hydrocarbons over Pt/TiO2: pH Dependent Formation of Kolbe and Hofer-Moest Products,"S. Hamid, I. Ivanova, T. H. Jeon, R. Dillert, W. Choi, D.W. Bahnemann",349 (2017) 128-135,https://doi.org/10.1016/j.jcat.2017.02.033
2017,Int. J. Life Cycle Assess,Estimation of Greenhouse Gas Emissions from Sewer Pipeline System,"D. Kyung, D. Kim, S. Yi, W. Choi, W. Lee",22 (2017) 1901-1911,https://doi.org/10.1007/s11367-017-1288-9
2017,Appl. Catal. B: Environ.,Freestanding Doubly Open-ended TiO2 Nanotubes for Efficient Photocatalytic Degradation of Volatile Organic Compounds,"S. Weon, J. Choi, T. Park, W. Choi",205 (2017) 386-392,https://doi.org/10.1016/j.apcatb.2016.12.048
2017,J. Catal.,TiO2 Complexed with Dopamine-derived Polymers and the Visible Light Photocatalytic Activities for Water Pollutants,"S. Kim, G.-h. Moon, G. Kim, U. Kang, H. Park, W. Choi",346 (2017) 92-100,https://doi.org/10.1016/j.jcat.2016.11.027
2017,Catal. Today,Electron Shuttling Catalytic Effect of Mellitic Acid in Zero-Valent Iron Induced Oxidative Degradation,"S.-H. Kang, A. D. Bokare, Y. Park, C. H. Choi, W. Choi",282 (2017) 65-70,https://doi.org/10.1016/j.cattod.2016.03.009
2017,Catal. Today,Electrocatalytic activities of Sb-SnO2 and Bi-TiO2 anodes for water treatment: Effects of electrocatalyst composition and electrolyte,"Y.Y. Ahn, S.Y. Yang, C. Choi, W. Choi, S. Kim and H. Park",282 (2017) 57-64,https://doi.org/10.1016/j.cattod.2016.03.011
2017,Catal. Today,Poly(4-vinylphenol) as a New Stable and Metal-free Sensitizer of Titania for Visible Light Photocatalysis through Ligand-to-Metal Charge Transfer Process,"G. Zhang, C. Kim, W. Choi",281 (2017) 109-116,https://doi.org/10.1016/j.cattod.2016.06.048
2017,Appl. Catal. B: Environ.,Dual Modification of Hematite Photoanode by Sn-doping and Nb2O5 Layer for Water Oxidation,"T. H. Jeon, A. D. Bokare, D. S. Han, A. Abdel-Wahab, H. Park, W. Choi",201 (2017) 591-599,https://doi.org/10.1016/j.apcatb.2016.08.059
2016,ACS Catal.,Robust Co-Catalytic Performance of Nanodiamonds Loaded on WO3 for the Decomposition of Volatile Organic Compounds under Visible Light,"H.-i. Kim, H. Kim, S. Weon, G.-h. Moon, J.-H. Kim, W. Choi",6 (2016) 8350-8360,https://doi.org/10.1021/acscatal.6b02726
2016,Environ. Sci. Technol.,Plasmon-Enhanced Sub-Bandgap Photocatalysis via Triplet-Triplet Annihilation Upconversion for Volatile Organic Compound Degradation,"H.-i. Kim, S. Weon, H. Kang, A. L. Hagstrom, O. S. Kwon, Y.-S. Lee, W. Choi, J.-H. Kim",50 (2016) 11184-11192,https://doi.org/10.1021/acs.est.6b02729
2016,Green Chem.,Heterogeneous Photocatalytic Organic Synthesis: State-of-the-art and Future Perspectives,"D. Friedmann, A. Hakki, H. Kim, W. Choi, D. Bahnemann",18 (2016) 5391-5411,https://doi.org/10.1039/c6gc01582d
2016,Environ. Sci. Technol.,Visible Light Sensitized Production of Hydroxyl Radicals Using Fullerol as an Electron Transfer Mediator,"J. Lim, H. Kim, P. Alvarez, J. Lee, W. Choi",50 (2016) 10545-10553,https://doi.org/10.1021/acs.est.6b03250
2016,J. Mater. Chem. A,Photoelectrochemical Hydrogen Production on Silicon Microwire Arrays Overlaid with Ultrathin Titanium Nitride,"S. K. Choi, W.-S. Chae, B. Song, C.-H. Cho, J. Choi, D. S. Han, W. Choi, H. Park",4 (2016) 14008-14016,https://doi.org/10.1039/c6ta05200b
2016,Environ. Sci. Technol.,Activation of Persulfates by Graphitized Nanodiamonds for Removal of Organic Compounds,"H. Lee, H.-i. Kim, S. Weon, W. Choi, Y. S. Hwang, J. Seo, C. Lee, J.-H. Kim",50 (2016) 10134-10142,https://doi.org/10.1021/acs.est.6b02079
2016,Chem. Comm.,Selective Dual-purpose Photocatalysis for Simultaneous H2 Evolution and Mineralization of Organic Compound Enabled by Cr2O3 Barrier Layer Coated on Rh/SrTiO3,"Y.-J. Cho, G.-h. Moon, T. Kanazawa, K. Maeda, W. Choi",52 (2016) 9636 - 9639,https://doi.org/10.1039/c6cc04260k
2016,Appl. Catal. A: General,Anodic TiO2 Nanotube Layer Directly Formed on the Inner Surface of Ti Pipe for a Tubular Photocatalytic Reactor,"H.-i. Kim, D. Kim, W. Kim, Y.-C. Ha, S.-J. Sim, S. Kim, W. Choi",521 (2016) 174-181,https://doi.org/10.1016/j.apcata.2015.10.039
2016,ACS Catal.,Scaffold-Like Titanium Nitride Nanotubes with a Highly Conductive Porous Architecture as a Nanoparticle Catalyst Support for Oxygen Reduction,"H. Shin, H.-i. Kim, D. Y. Chung, J. M. Yoo, S. Weon, W. Choi, Y.-E. Sung",6 (2016) 3914-3920,https://doi.org/10.1021/acscatal.6b00384
2016,Environ. Sci. Technol.,TiO2 Nanotubes with Open Channels as Deactivation-Resistant Photocatalyst for the Degradation of Volatile Organic Compounds,"S. Weon, W. Choi",50 (2016) 2556-2563,https://doi.org/10.1021/acs.est.5b05418
2016,Environ. Sci. Technol.,Production of molecular iodine and triiodide in the frozen solution of iodide: implication for polar atmosphere,"K. Kim, A. Yabushita, M. Okumura, A. Saiz-Lopez, C. Cuevas, C. Blaszczak-Boxe, D. W. Min, H.-I. Yoon, W. Choi",50 (2016) 1280-1287,https://doi.org/10.1021/acs.est.5b05148
2016,Energy Environ. Sci.,Harnessing Low Energy Photons (635 nm) for the Production of H2O2 Using Upconversion Nanohybrid Photocatalysts,"H.-i. Kim, O. S. Kwon, S. Kim, W. Choi, J.-H. Kim",9 (2016) 1063-1073,https://doi.org/10.1039/c5ee03115j
2016,ACS Catal.,Boosting Up the Low Catalytic Activity of Silver for H2 Production on Ag/TiO2 Photocatalyst: Thiocyanate as a Selective Modifier,"Y. Choi, H.-i. Kim, G.-h. Moon, S. Jo, W. Choi",6 (2016) 821-828,https://doi.org/10.1021/acscatal.5b02376
2016,Energy Environ. Sci.,Photoinduced Charge Transfer Processes in Solar Photocatalysis Based on Modified TiO2,"H. Park, H.-i. Kim, G.-h. Moon, W. Choi",9 (2016) 411-433,https://doi.org/10.1039/c5ee02575c
2016,J. Hazard. Mater.,Bicarbonate-Induced Activation of H2O2 for Metal-free Oxidative Desulfurization,"A. D. Bokare, W. Choi",304 (2016) 313-319,https://doi.org/10.1016/j.jhazmat.2015.10.063
2016,Solar Energy Mater. Solar Cells,Fabrication of Superior α-Fe2O3 Nanorod Photoanodes through ex-situ Sn-doping for Solar Water Splitting,"A. Annamalai, P. S. Shinde, T. H. Jeon, H. H. Lee, H. G. Kim, W. Choi, J. S. Jang",144 (2016) 247-255,https://doi.org/10.1016/j.solmat.2015.09.016
2015,Environ. Sci. Technol.,Singlet Oxygen Generation in Alkaline Periodate Solution,"A. D. Bokare, W. Choi",49 (2015) 14392-14400,https://doi.org/10.1021/acs.est.5b04119
2015,Environ. Sci. Technol.,Freezing-Enhanced Dissolution of Iron Oxides: Effects of Inorganic Acid Anions,"D. Jeong, K. Kim, D. W. Min, W. Choi",49 (2015) 12816-12822,https://doi.org/10.1021/acs.est.5b04211
2015,Environ. Sci. Technol.,Enhanced Removal of Hexavalent Chromium in the Presence of H2O2 in Frozen Aqueous Solutions,"K. Kim, J. Kim, A. D. Bokare, W. Choi, H.-I. Yoon, J. Kim",49 (2015) 10937-10944,https://doi.org/10.1021/acs.est.5b02702
2015,J. Catal.,Dual Functional Photocatalysis Using Ternary Hybrid of TiO2 Modified with Graphene Oxide along with Pt and Fluoride for H2-producing Water Treatment,"Y.-J. Cho, H.-i. Kim, S. Lee, W. Choi",330 (2015) 387-395,https://doi.org/10.1016/j.jcat.2015.07.007
2015,Energy Environ. Sci.,Photosynthesis of Formate from CO2 and Water at 1% Energy Efficiency via Copper Iron Oxide Catalysis,"U. Kang, S. K. Choi, D. J. Ham, S. M. Ji, W. Choi, D. S. Han, A. Abdel-Wahab, H. Park",8 (2015) 2638-2643,https://doi.org/10.1039/c5ee01410g
2015,Appl. Catal. B: Environ.,Enhanced Photocatalytic Activity of {101}-Oriented Bipyramidal TiO2 Agglomerates through Interparticle Charge Transfer,"E.-H. Kong, J. Lim, J. H. Lee, W. Choi, H. M. Jang",176 (2015) 76-82,https://doi.org/10.1016/j.apcatb.2015.03.036
2015,J. Environ. Sci.,Weak Magnetic Field Accelerates Chromate Removal by Zero-valent Iron,"P. Feng, X. Guan, Y. Sun, W. Choi, H. Qin, J. Wang, J. Qiao, L. Li",31 (2015) 175-183,https://doi.org/10.1016/j.jes.2014.10.017
2015,Environ. Sci. Technol.,Heterogeneous Catalytic Oxidation of As(III) on Nonferrous Metal Oxides in the Presence of H2O2,"D.-h. Kim, A. D. Bokare, M. S. Koo, W. Choi",49 (2015) 3506-3513,https://doi.org/10.1021/es5056897
2015,ACS Appl. Mater. Interfaces,TiO2 Nanotube Array Photoelectrocatalyst and Ni-Sb-SnO2 Electrocatalyst Bifacial Electrodes: A New Type of Bi-functional Hybrid Platform for Water Treatment,"S. Y. Yang, W. Choi, H. Park",7 (2015) 1907-1914,https://doi.org/10.1021/am5076748
2015,J. Phys. Chem. C,To What Extent Surface Morphology Can Influence the Photoelectrochemical Performance of Au:WO3 Electrodes?,"N. Naseri, M. Qorbani, H.-i. Kim, W. Choi, A. Moshfegh",119 (2015) 1271-1279,https://doi.org/10.1021/jp507988c
2015,J. Mater. Chem. A,Squaraine-Sensitized Composite of a Reduced Graphene Oxide/TiO2 Photocatalyst: π-π Stacking as a New Method of Dye Anchoring,"K. L. V. Joseph, J. Lim, A. Anthonysamy, H.-i. Kim, W. Choi, J. K. Kim",3 (2015) 232-239,https://doi.org/10.1039/c4ta04313h
2015,Energy Environ. Sci.,N-doped TiO2 Nanotubes Coated with Thin TaOxNy Layer for Photoelectrochemical Water Splitting: Dual Bulk and Surface Modification of Photoanode,"H.-i. Kim, D. Monllor-Satoca, W. Kim, W. Choi",8 (2015) 247-257,https://doi.org/10.1039/c4ee02169j
2015,Appl. Catal. B: Environ.,Glucose-TiO2 Charge Transfer Complex-Mediated Photocatalysis under Visible Light,"G. Kim, S.-H. Lee, W. Choi",162 (2015) 463-469,https://doi.org/10.1016/j.apcatb.2014.07.027
2015,J. Ind. Eng. Chem.,LiOH-embedded Zeolite for Carbon Dioxide Capture under Ambient Conditions,"Y. Cho, J.-Y. Lee, A. D. Bokare, S.-B. Kwon, D.-S. Park, W.-S. Jung, J.-S. Choi, Y.-M. Yang, J.-Y. Lee, W. Choi",22 (2015) 350-356,https://doi.org/10.1016/j.jiec.2014.07.030
2015,Rapid Commun. Photoscience,Visible Light-induced Reduction of Cr(VI) in Cationic Micelle Solution,"H. Kyung, Y.-J. Cho, W. Choi",4 (2015) 73-75,https://doi.org/10.5857/rcp.2015.4.3.73
2014,Sci. Rep.,Inhibition of CO Poisoning on Pt Catalyst Coupled with the Reduction of Toxic Hexavalent Chromium in a Dual-Functional Fuel Cell,"D. Y. Chung, H.-i. Kim, Y.-H. Chung, M. J. Lee, S. J. Yoo, A. D. Bokare, W. Choi, Y.-E. Sung",4 (2014) 7450 [],https://doi.org/10.1038/srep07450
2014,Energy Environ. Sci.,Solar Production of H2O2 on Reduced Graphene Oxide-TiO2 Hybrid Photocatalysts Consisting of Earth-Abundant Elements Only,"G.-h. Moon, W. Kim, A. D. Bokare, N.-e. Sung, W. Choi",7 (2014) 4023-4028,https://doi.org/10.1039/c4ee02757d
2014,Angew. Chem. Int. Ed.,Molecular-Level Understanding of the Photocatalytic Activity Difference between Anatase and Rutile Nanoparticles,"W. Kim, T. Tachikawa, G.-h. Moon, T. Majima, W. Choi",53 (2014) 14036-14041,https://doi.org/10.1002/anie.201406625
2014,Electrochim. Acta,Blue TiO2 Nanotube Array as an Oxidant Generating Novel Anode Material Fabricated by Simple Cathodic Polarization,"C. Kim, S. Kim, J. Choi, J. Lee, J. S. Kang, Y.-E. Sung, J. Lee, W. Choi, J. Yoon",141 (2014) 113-119,https://doi.org/10.1016/j.electacta.2014.07.062
2014,J. Hazard. Mater.,Review of Iron-free Fenton-like Systems for Activating H2O2 in Advanced Oxidation Processes,"A. D. Bokare, W. Choi",275 (2014) 121-135,https://doi.org/10.1016/j.jhazmat.2014.04.054
2014,J. Hazard. Mater.,Oxidation of Aquatic Pollutants by Ferrous-Oxalate Complexes under Dark Aerobic Conditions,"J. Lee, J. Kim, W. Choi",274 (2014) 79-86,https://doi.org/10.1016/j.jhazmat.2014.03.056
2014,Appl. Catal. B: Environ.,Heterogeneous Photocatalytic Treatment of Pharmaceutical Micropollutants: Effects of Wastewater Effluent Matrix and Catalyst Modifications,"J. Choi, H. Lee, Y. Choi, S. Kim, S. Lee, S. Lee, W. Choi, J. Lee",147 (2014) 8-16,https://doi.org/10.1016/j.apcatb.2013.08.032
2014,Environ. Sci. Technol.,Arsenite Oxidation Initiated by the UV Photolysis of Nitrite and Nitrate,"D.-h. Kim, J. Lee, J. Ryu, K. Kim, W. Choi",48 (2014) 4030-4037,https://doi.org/10.1021/es500001q
2014,Chem. Eng. J.,Electrochromic Titania Nanotube Arrays for the Enhanced Photocatalytic Degradation of Phenol and Pharmaceutical Compounds,"Q. Zheng, H.-J. Lee, J. Lee, W. Choi, N.-B. Park, C. Lee",249 (2014) 285-292,https://doi.org/10.1016/j.cej.2014.03.111
2014,Environ. Sci. Technol. Lett.,Platinum-like Behavior of Reduced Graphene Oxide as a Cocatalyst on TiO2 for the Efficient Photocatalytic Oxidation of Arsenite,"G.-h. Moon, D.-h. Kim, H.-i. Kim, A. D. Bokare, W. Choi",1 (2014) 185-190,https://doi.org/10.1021/ez5000012
2014,Appl. Catal. B: Environ.,Visible Light Photocatalysis of Fullerol-Complexed TiO2 Enhanced by Nb Doping,"J. Lim, D. Monllor-Satoca, J. S. Jang, S. Lee, W. Choi","152-153, 233-240 (2014)",https://doi.org/10.1016/j.apcatb.2014.01.026
2014,Catal. Today,Dye Decolorization Test for the Activity Assessment of Visible Light Photocatalysts: Realities and Limitations,"S. Bae, S. Kim, S. Lee, W. Choi",224 (2014) 21-28,https://doi.org/10.1016/j.cattod.2013.12.019
2014,Energy Environ. Sci.,Visible Light Driven Photocatalysis Mediated via Ligand-to-Metal Charge Transfer (LMCT): Alternative Way of Solar Activation of Titania,"G. Zhang, G. Kim, W. Choi",7 (2014) 954-966,https://doi.org/10.1039/c3ee43147a
2014,Carbon,C60 Aminofullerene-Magnetite Nanocomposite Designed for Efficient Visible Light Photocatalysis and Magnetic recovery,"Y. Choi, Y. Ye, Y. Mackeyev, M. Cho, L. J. Wilson, J. Lee, P. J. Alvarez, W. Choi, J. Lee",69 (2014) 92-100,https://doi.org/10.1016/j.carbon.2013.11.065
2014,Water Research,Weak Magnetic Field Significantly Enhances Selenite Removal Kinetics by Zero Valent Iron,"L. Liang, W. Sun, X. Guan, Y. Huang, W. Choi, H. Bao, L. Li, Z. Jiang",49 (2014) 371-380,https://doi.org/10.1016/j.watres.2013.10.026
2014,J. Catal.,Synergic Photocatalytic Effects of Nitrogen and Niobium Co-doping in TiO2 for the Redox Conversion of Aquatic Pollutants under Visible Light,"J. Lim, P. Murugan, N. Lakshminarasimhan, J. Kim, J. Lee, S.-H. Lee, W. Choi",310 (2014) 91-99,https://doi.org/10.1016/j.jcat.2013.05.014
2014,Appl. Catal. B: Environ.,Visible Light Photocatalytic Activities of Nitrogen and Platinum-Doped TiO2: Synergistic Effects of Co-dopants,"W. Kim, T. Tachikawa, H. Kim, N. Lakshminarasimhan, P. Murugan, H. Park, T. Majima, W. Choi",147 (2014) 642-650,https://doi.org/10.1016/j.apcatb.2013.09.034
2014,J. Catal.,Graphene Oxide Embedded into TiO2 Nanofiber: Effective Hybrid Photocatalyst for Solar Conversion,H.-i. Kim; S. Kim; J.-K. Kang; W. Choi,309 (2014) 49-57,https://doi.org/10.1016/j.jcat.2013.08.028
2013,Energy Environ. Sci.,Promoting Water Photooxidation on Transparent WO3 Thin Films by an Alumina Overlayer,"W. Kim, T. Tachikawa, D. Monllor-Satoca, H.-i. Kim, T. Majima, W. Choi",6 (2013) 3732-3739,https://doi.org/10.1039/c3ee42151a
2013,New J. Chem.,"Ruthenium(II) Complexes Incorporating the Bidentate Ligand Containing an Imidazolium Moiety: Synthesis, Characterization, and Electrochemical Properties and Their Application in a Visible-light Induced Hydrogen-evolving System","H.-J. Park, W. Kim, W. Choi, Y. K. Chung",37 (2013) 3174-3182,https://doi.org/10.1039/c3nj00014a
2013,J. Mater. Chem. A,Graphitic Domain Layered Titania Nanotube Arrays for Separation and Shuttling of Solar-driven Electrons,"D. K. Lee, K. S. Han, W. H. Shin, J. W. Lee, J. H. Choi, K. M. Choi, Y. Lee, H.-i. Kim, W. Choi, J. K. Kang",1 (2013) 203-207,https://doi.org/10.1039/c2ta00558a
2013,Nanoscale,Catalytic Templating Approaches for Three-Dimensional Hollow Carbon/ Graphene Oxide Nano-Architectures,"G.-h. Moon, Y. Shin, D. Choi, B. W. Arey, G. J. Exarhos, C. Wang, W. Choi, J. Liu",5 (2013) 6291-6296,https://doi.org/10.1039/c3nr01387a
2013,Environ. Sci. Technol.,Photooxidation of Arsenite under 254 nm Irradiation with a Quantum Yield Higher than Unity,"J. Ryu, D. Monllor-Satoca, D.-h. Kim, J. Yeo, W. Choi",47 (2013) 9381-9387,https://doi.org/10.1021/es402011g
2013,Energy Environ. Sci.,TiO2 Nanodisks Designed for Li-ion Batteries: A Novel Strategy for Obtaining an Ultrathin and High Surface Area Anode Material at the Ice Interface,"G. Kim, C. Jo, W. Kim, J. Chun, S. Yoon, J. Lee, W. Choi",6 (2013) 2932-2938,https://doi.org/10.1039/c3ee41880d
2013,J. Phys. Chem. C,Strategic Modification of BiVO4 for Improving Photoelectrochemical Water Oxidation Performance,"H. W. Jeong, T. H. Jeon, J. S. Jang, W. Choi, H. Park",117 (2013) 9104-9112,https://doi.org/10.1021/jp400415m
2013,Catal. Sci. Technol.,Band Energy Levels and Compositions of CdS-based Solid Solution and Their Relation with Photocatalytic Activities,"G. Zhang, D. Monllor-Satoca, W. Choi",3 (2013) 1790-1797,https://doi.org/10.1039/c3cy00066d
2013,Phys. Chem. Chem. Phys.,Solar Water Oxidation Using Nickel-Borate Coupled BiVO4 Photoelectrodes,"S. K. Choi, W. Choi, H. Park",15 (2013) 6499-6507,https://doi.org/10.1039/c3cp00073g
2013,"J. Photochem. Photobiol., C: Photochem. Rev.",Surface Modification of TiO2 Photocatalyst for Environmental Applications,"H. Park, Y. Park, W. Kim, W. Choi",15 (2013) 1-20,https://doi.org/10.1016/j.jphotochemrev.2012.10.001
2013,Int. J. Hydrogen Energy,Implementation of Ag Nanoparticle Incorporated WO3 Thin Film Photoanode for Hydrogen Production,"N. Naseri, H. Kim, W. Choi, A. Z. Moshfegh",38 (2013) 2117-2125,https://doi.org/10.1016/j.ijhydene.2012.11.132
2013,J. Phys. Chem. Lett.,Role of Interparticle Charge Transfers in Agglomerated Photocatalyst Nanoparticles: Demonstration in Aqueous Suspension of Dye-Sensitized TiO2,"Y. Park, W. Kim, D. Monllor-Satoca, T. Tachikawa, T. Majima, W. Choi",4 (2013) 189-194,https://doi.org/10.1021/jz301881d
2012,J. Phys. Chem. Lett.,Geometric Effect of Single or Double Metal-Tipped CdSe Nanorods on Photocatalytic H2 Generation,"J. U. Bang, S. J. Lee, J. S. Jang, W. Choi, H. Song",3 (2012) 3781-3785,https://doi.org/10.1021/jz301732n
2012,J. Phys. Chem. C,Superior Electron Transport and Photocatalytic Abilities of Metal-Nanoparticle-Loaded TiO2 Superstructures,"Z. Bian, T. Tachikawa, W. Kim, W. Choi, T. Majima",116 (2012) 25444-25453,https://doi.org/10.1021/jp309683f
2012,Environ. Sci. Technol.,Enhanced Dissolution of Manganese Oxide in Ice Compared to Aqueous Phase under Illuminated and Dark Conditions,"K. Kim, H.-I. Yoon, W. Choi",46 (2012) 13160-13166,https://doi.org/10.1021/es302003z
2012,Org. Biomol. Chem.,Studies on Acedan-based Mononuclear Zinc Complexes toward Selective Fluorescent Probes for Pyrophosphate,"A. S. Rao, S. Singha, W. Choi, K. H. Ahn",10 (2012) 8410–8417,https://doi.org/10.1039/c2ob26000j
2012,Atmos. Chem. Phys.,Accelerated Dissolution of Iron Oxides in Ice,"D. Jeong, K. Kim, W. Choi",12 (2012) 11125-11133,https://doi.org/10.5194/acp-12-11125-2012
2012,Chem. Commun.,Low-Cost Sensitizer Based on Phenolic Resin for Charge-Transfer Type Photocatalyst Working under Visible Light,"G. Zhang, W. Choi",48 (2012) 10621-10623,https://doi.org/10.1039/c2cc35751h
2012,Environ. Sci. Technol.,Selective Oxidative Degradation of Organic Pollutants by Singlet Oxygen-Mediated Photosensitization: Tin Porphyrin versus C60 Aminofullerene Systems,"H. Kim, W. Kim, Y. Mackeyev, G.-S. Lee, H.-J. Kim, T. Tachikawa, S. Hong, S. Lee, J. Kim, L. J. Wilson, T. Majima, P. J. J. Alvarez, W. Choi, J. Lee",46 (2012) 9606-9613,https://doi.org/10.1021/es301775k
2012,J. Phys. Chem. C,Effect of Agglomerated State in Mesoporous TiO2 on the Morphology of Photodeposited Pt and Photocatalytic Activity,"N. Lakshminarasimhan, A. D. Bokare, W. Choi",116 (2012) 17531-17539,https://doi.org/10.1021/jp303118q
2012,Colloid Polym. Sci.,Carbon Dioxide-Assisted Fabrication of Highly Uniform Submicron-sized Colloidal Carbon Spheres via Hydrothermal Carbonization Using Soft Drink,"G.-h. Moon, Y. Shin, B. W. Arey, C. Wang, G. J. Exarhos, W. Choi, J. Liu",290 (2012) 1567-1573,https://doi.org/10.1007/s00396-012-2729-4
2012,J. Phys. Chem. C,Photocatalytic Decomposition of H2O2 on Different TiO2 Surfaces Along with the Concurrent Generation of HO2 Radicals Monitored Using Cavity Ring Down Spectroscopy,"J. Yi, C. Bahrini, C. Schoemaecker, C. Fittschen, W. Choi",116 (2012) 10090-10097,https://doi.org/10.1021/jp301405e
2012,Environ. Sci. Technol.,Concentration-Dependent Photoredox Conversion of As(III)/As(V) on Illuminated Titanium Dioxide Electrodes,"D. Monllor-Satoca, R. Gómez, W. Choi",46 (2012) 5519-5527,https://doi.org/10.1021/es203922g
2012,Small,A Strong Electronic Coupling between Graphene Nanosheets and Layered Titanate Nanoplates: A Soft-Chemical Route to Highly Porous Nanocomposites with Improved Photocatalytic Activity,"I. Y. Kim, J. M. Lee, T. W. Kim, H. N. Kim, H.-i. Kim, W. Choi, S.-J. Hwang",8 (2012) 1038-1048,https://doi.org/10.1002/smll.201101703
2012,Energy Environ. Sci.,Simultaneous Production of Hydrogen with the Degradation of Organic Pollutants Using TiO2 Photocatalyst Modified with Dual Surface Components,"J. Kim, D. Monllor-Satoca, W. Choi",5 (2012) 7647-7656,https://doi.org/10.1039/c2ee21310a
2012,Chem. Eur. J.,Photocatalytic Synthesis of Pure and Water-dispersible Graphene Monosheets,"J.-W. Jang, S. Choi, G.-H. Moon, K. Ihm, J. Y. Kim, D. H. Youn, S. Lee, Y. H. Lee, W. Choi, K.-H. Lee, J. S. Lee",18 (2012) 2762-2767,https://doi.org/10.1002/chem.201103212
2012,Energy Environ. Sci.,Nafion Layer-Enhanced Photosynthetic Conversion of CO2 into Hydrocarbons on TiO2 Nanoparticles,"W. Kim, T. Seok, W. Choi",5 (2012) 6066-6070,https://doi.org/10.1039/c2ee03338k
2012,RSC Adv.,Chemical-free Growth of Metal Nanoparticles on Graphene Oxide Sheets under Visible Light Irradiation,"G.-H. Moon, H.-I. Kim, Y. Shin, W. Choi",2 (2012) 2205-2207,https://doi.org/10.1039/c2ra00875k
2012,Green Chem.,Recyclable and Stable Ruthenium Catalyst for Free Radical Polymerization at Ambient Temperature Initiated by Visible Light Photocatalysis,"G. Zhang, I. Y. Song, T. Park, W. Choi",14 (2012) 618-621,https://doi.org/10.1039/c2gc16409d
2012,Separation and Purification Technol.,Photochemical Removal of Hexavalent Chromium through Iodide Oxidation under 254 nm Irradiation,"J. Yeo, D.-h. Kim, A. Bokare, W. Choi",91 (2012) 18-22,https://doi.org/10.1016/j.seppur.2011.08.015
2012,Int. J. Hydrogen Energy,Optimal Ag Concentration for H2 Production via Ag:TiO2 Nanocomposite Thin Film Photoanode,"N. Naseri, H. Kim, W. Choi, A. Z. Moshfegh",37 (2012) 3056-3065,https://doi.org/10.1016/j.ijhydene.2011.11.041
2012,J. Phys. Chem. C,Solar Photoconversion Using Graphene/TiO2 Composites: Nano-graphene Shell on TiO2 Core versus TiO2 Nanoparticles on Graphene Sheet,"H.-I. Kim, G.-H. Moon, D. Monllor-Satoca, Y. Park, W. Choi",116 (2012) 1535-1543,https://doi.org/10.1021/jp209035e
2012,Appl. Catal. B: Environ.,Photo-chargeable and Dischargeable TiO2 and WO3 Heterojunction Electrodes,"H. Park, A. Bak, T. H. Jeon, S. Kim, W. Choi","115-116, 74-80 (2012)",https://doi.org/10.1016/j.apcatb.2011.12.006
2011,Environ. Sci. Technol.,Photocatalytic Oxidation of Arsenite over TiO2: Is Superoxide the Main Oxidant in Normal Air-Saturated Aqueous Solutions?,"D. Monllor-Satoca, W. Choi, Comment on",45 (2011) 9816-9817,https://doi.org/10.1021/es200574h
2011,Phys. Chem. Chem. Phys.,Cobalt–Phosphate Complexes Catalyze the Photoelectrochemical Water Oxidation of BiVO4 Electrodes,"T. H. Jeon, W. Choi, H. Park",13 (2011) 21392-21401,https://doi.org/10.1039/c1cp23135a
2011,Appl. Catal. B: Environ.,Enhancing the Photoelectrochemical Performance of Hematite (-Fe2O3) Electrodes by Cadmium Incorporation,"A. Bak, W. Choi, H. Park",110 (2011) 207-215,https://doi.org/10.1016/j.apcatb.2011.09.002
2011,Environ. Sci. Technol.,Advanced Oxidation Process Based on the Cr(III)/Cr(VI) Redox Cycle,"A. Bokare, W. Choi",45 (2011) 9332-9338,https://doi.org/10.1021/es2021704
2011,Macromolecules,Free Radical Polymerization Initiated and Controlled by Visible Light Photocatalysis at Ambient Temperature,"G. Zhang, I. Y. Song, K. H. Ahn, T. Park, W. Choi",44 (2011) 7594-7599,https://doi.org/10.1021/ma201546c
2011,Langmuir,Three-Dimensional Type II ZnO/ZnSe Heterostructures and Their Visible Light Photocatalytic Activities,"S. Cho, J.-W. Jang, J. Kim, J. S. Lee, W. Choi, K.-H. Lee",27 (2011) 10243-10250,https://doi.org/10.1021/la201755w
2011,J. Hazard. Mater.,Effect of Magnetic Field on the Zero Valent Iron Induced Oxidation Reaction,"D.-h. Kim, J. Kim, W. Choi",192 (2011) 928-931,https://doi.org/10.1016/j.jhazmat.2011.05.075
2011,Appl. Catal. B: Environ.,TiO2 Modified with Both Phosphate and Platinum and Its Photocatalytic Activities,"J. Kim, W. Choi",106 (2011) 39-45,https://doi.org/10.1016/j.apcatb.2011.05.002
2011,Carbon,Photochemical Loading of Metal Nanoparticles on Reduced Graphene Oxide Sheets Using Phosphotungstate,"G.-h. Moon, Y. Park, W. Kim, W. Choi",49 (2011) 3454-3462,https://doi.org/10.1016/j.carbon.2011.04.042
2011,J. Phys. Chem. C,Enhanced Photocatalytic and Photoelectrochemical Activity in the Ternary Hybrid of CdS/TiO2/WO3 through the Cascadal Electron Transfer,"H.-I. Kim, J. Kim, W. Kim, W. Choi",115 (2011) 9797-9805,https://doi.org/10.1021/jp1122823
2011,Phys. Chem. Chem. Phys.,Exfoliated and Reorganized Graphite Oxide on Titania Nanoparticles as an Auxiliary Co-catalyst for Photocatalytic Solar Conversion,"Y. Park, S.-H. Kang, W. Choi",13 (2011) 9425-9431,https://doi.org/10.1039/c1cp20697d
2011,J. Phys. Chem. C,Photoelectrochemical and Photocatalytic Behaviors of Hematite-Decorated Titania Nanotube Arrays: Energy Level Mismatch vs. Surface Specific Reactivity,"T. H. Jeon, W. Choi, H. Park",115 (2011) 7134-7142,https://doi.org/10.1021/jp201215t
2011,J. Phys. Chem. C,Reversing CdS Preparation Order and its Effects on Photocatalytic Hydrogen Production of CdS/Pt-TiO2 Hybrids under Visible Light,"H. Park, Y. K. Kim, W. Choi",115 (2011) 6141-6148,https://doi.org/10.1021/jp2015319
2011,Appl. Catal. B: Environ.,Photocatalytic Effect of Thermal Atomic Layer Deposition of TiO2 on Stainless Steel,"H. Kang, C.-S. Lee, D.-Y. Kim, J. Kim, W. Choi, H. Kim",104 (2011) 6-11,https://doi.org/10.1016/j.apcatb.2011.03.010
2011,Micro. Meso. Mater.,Easy Access to Highly Crystalline Mesoporous Transition-Metal Oxides with Controllable Uniform Large Pores by Using Block Copolymers Synthesized via Atom Transfer Radical Polymerization,"J. Hwang, J. Kim, E. Ramasamy, W. Choi, J. Lee",143 (2011) 149-156,https://doi.org/10.1016/j.micromeso.2011.02.021
2011,Environ. Sci. Technol.,Platinized WO3 as an Environmental Photocatalyst that Generates OH Radicals under Visible Light,"J. Kim, W. Choi, Response to Comment on",45 (2011) 3183-3184,https://doi.org/10.1021/es200282p
2011,Environ. Sci. Technol.,Enhanced Redox Conversion of Chromate and Arsenite in Ice,"K. Kim, W. Choi",45 (2011) 2202-2208,https://doi.org/10.1021/es103513u
2011,J. Hazard. Mater.,Selective Photocatalytic Degradation of Aquatic Pollutants by Titania Encapsulated into FAU-type Zeolites,"G. Zhang, W. Choi, S. H. Kim, S. B. Hong",188 (2011) 198-205,https://doi.org/10.1016/j.jhazmat.2011.01.105
2011,Environ. Sci. Technol.,Photocatalytic Oxidation Mechanism of As(III) on TiO2: Unique Role of As(III) as a Charge Recombinant Species,"D. Monllor-Satoca, T. Tachikawa, T. Majima, W. Choi, Response to Comment on",45 (2011) 2030-2031,https://doi.org/10.1021/es1040046
2011,Appl. Catal. B: Environ.,Photocatalytic Hydroxylation of Benzene to Phenol over Titanium Oxide Entrapped into Hydrophobically Modified Siliceous Foam,"G. Zhang, J. Yi, J. Shim, J. Lee, W. Choi",102 (2011) 132-139,https://doi.org/10.1016/j.apcatb.2010.11.034
2010,Environ. Sci. Technol.,Photocatalytic Oxidation Mechanism of As(III) on TiO2: Unique Role of As(III) as a Charge Recombinant Species,"W. Choi, J. Yeo, J. Ryu, T. Tachikawa, T. Majima",44 (2010) 9099-9104,https://doi.org/10.1021/es102507u
2010,Energy Environ. Sci.,Tin-Porphyrin Sensitized TiO2 for the Production of H2 under Visible Light,"W. Kim, T. Tachikawa, T. Majima, C. Li, H.-J. Kim, W. Choi",3 (2010) 1789-1795,https://doi.org/10.1039/c0ee00205d
2010,Chem. Eur. J.,Remarkably Efficient Photocurrent Generation Based on a [60]Fullerene-Triosmium Cluster/Zn-Porphyrin/Boron-Dipyrrin Triad SAM,"C. Y. Lee, J. K. Jang, C. H. Kim, J. Jung, B. K. Park, J. Park, W. Choi, Y.-K. Han, T. Joo, J. T. Park",16 (2010) 5586-5599,https://doi.org/10.1002/chem.201000215
2010,Appl. Catal. B: Environ.,Charge-Transfer Surface Complex of EDTA-TiO2 and Its Effect on Photocatalysis under Visible Light,"G. Kim, W. Choi",100 (2010) 77-83,https://doi.org/10.1016/j.apcatb.2010.07.014
2010,Environ. Sci. Technol.,Chromate-Induced Activation of Hydrogen Peroxide for Oxidative Degradation of Aqueous Organic Pollutants,"A. Bokare, W. Choi",44 (2010) 7232-7237,https://doi.org/10.1021/es903930h
2010,Environ. Sci. Technol.,Platinized WO3 as an Environmental Photocatalyst that Generates OH Radicals under Visible Light,"J. Kim, C. W. Lee, W. Choi",44 (2010) 6849-6854,https://doi.org/10.1021/es101981r
2010,Energy Environ. Sci.,Hydrogen Producing Water Treatment through Solar Photocatalysis,"J. Kim, W. Choi",3 (2010) 1042-1045,https://doi.org/10.1039/c003858j
2010,Environ. Sci. Technol.,Photoreductive Dissolution of Iron Oxides Trapped in Ice and Its Environmental Implications,"K. Kim, W. Choi, M. R. Hoffmann, H.-I. Yoon, B.-K. Park",44 (2010) 4142-4148,https://doi.org/10.1021/es9037808
2010,Thin Solid Film,Photocatalytic Activities of TiO2 Thin Films Prepared on Galvanized Iron Substrate by Plasma Enhanced Atomic Layer Deposition,"C.-S. Lee, J. Kim, G. H. Gu, D,-H. Jo, C. G. Park, W. Choi, H. Kim",518 (2010) 4757-4761,https://doi.org/10.1016/j.tsf.2010.01.015
2010,Res. Chem. Intermed.,Effects of TiO2 Surface Fluorination on Photocatalytic Degradation of Methylene Blue and Humic Acid,"J. Kim, W. Choi, H. Park",36 (2010) 127-140,https://doi.org/10.1007/s11164-010-0123-8
2010,J. Phys. Chem. Lett.,Guanidinium Enhanced Production of Hydrogen on Nafion-Coated Dye/TiO2 under Visible Light,"J. Park, J. Yi, T. Tachikawa, T. Majima, W. Choi",1 (2010) 1351-1355,https://doi.org/10.1021/jz100292v
2010,Chem. Commun.,Organic Dye-Sensitized TiO2 for the Redox Conversion of Water Pollutants under Visible Light,"Y. Park, S.-H. Lee, S. O. Kang, W. Choi",46 (2010) 2477-2479,https://doi.org/10.1039/b924829c
2010,Org. Lett.,Significance of Hydrophilic Characters of Organic Dyes in Visible-Light Hydrogen Generation Based on TiO2,"S.-H. Lee, Y. Park, K.-R. Wee, H.-J. Son, D. W. Cho, C. Pac, W. Choi, S. O. Kang",12 (2010) 460-463,https://doi.org/10.1021/ol9026182
2010,"(article in Korean), J. Korean Soc. Water Wastewater","Photo-decomposition Characteristics of 2,4,6-Trinitrotoluene in a UV/H2O2 Process","B. G. Kwon, W. Choi, J. Yoon",24 (2010) 775-788,https://doi.org/10.1016/S0043-1354(98)00424-2
2009,Environ. Sci. Technol.,Zero-Valent Aluminum for Oxidative Degradation of Aqueous Organic Pollutants,"A. Bokare, W. Choi",43 (2009) 7130-7135.(2009.9.15),https://doi.org/10.1021/es9013823
2009,J. Phys. Chem. C,TiO2-Nafion Photoelectrode Hybridized with Carbon Nanotubes for Sensitized Photochemical Activity,"J. Park, W. Choi",113 (2009) 20974–20979,https://doi.org/10.1021/jp9011608
2009,Chem. Eur. J.,Fullerol-Titania Charge Transfer Mediated Photocatalysis Working under Visible Light,"Y. Park, N. J. Singh, K. S. Kim, T. Tachikawa, T. Majima, W. Choi",15 (2009) 10843-10850. (2009.10.19),https://doi.org/10.1002/chem.200901704
2009,Appl. Catal. B: Environ.,Photocatalytic Functional Coatings of TiO2 Thin Films on Polymer Substrate by Plasma Enhanced Atomic Layer Deposition,"C.-S. Lee, J. Kim, J. Y. Son, W. Choi, H. Kim",91 (2009) 628-633,https://doi.org/10.1016/j.apcatb.2009.06.037
2009,Appl. Catal. B: Environ.,Carbon-doped TiO2 Photocatalyst Synthesized without Using an External Carbon Precursor and the Visible Light Activity,"Y. Park, W. Kim, H. Park, T. Tachikawa, T. Majima, W. Choi",91 (2009) 355-361. (2009.9.7),https://doi.org/10.1016/j.apcatb.2009.06.001
2009,Appl. Catal. B: Environ.,Highly Enhanced Photocatalytic Degradation of Tetramethylammonium on the Hybrid Catalyst of Titania and MCM-41 Obtained from Rice Husk Silica,"S. Artkla, W. Kim, W. Choi, J. Wittayakun",91 (2009) 157-164. (2009.9.7),https://doi.org/10.1016/j.apcatb.2009.05.019
2009,J. Phys. Chem. C,Photocatalysis of Dye-Sensitized TiO2 Nanoparticles with Thin Overcoat of Al2O3: Enhanced Activity for H2 Production and Dechlorination of CCl4,"W. Kim, T. Tachikawa, T. Majima, W. Choi",113 (2009) 10603-10609,https://doi.org/10.1021/jp9008114
2009,J. Renewable and Sustainable Energy,Visible Light Photocatalytic Properties of Polymorphic Brookite Titania,"B. I. Lee, S. Kaewgun, W. Kim, W. Choi, J. S. Lee, E. Kim",1 (2009) 023101,https://doi.org/10.1063/1.3096606
2009,Environ. Sci. Technol.,Iodide-Mediated Photooxidation of Arsenite under 254 nm Irradiation,"J. Yeo, W. Choi",43 (2009) 3784-3788,https://doi.org/10.1021/es900602n
2009,Environ. Sci. Technol.,Oxidative Degradation of Organic Compounds Using Zero-Valent Iron in the Presence of Natural Organic Matter Serving as an Electron Shuttle,"S.-H. Kang, W. Choi, Response to Comment on",43 (2009) 3966-3967,https://doi.org/10.1021/es900076m
2009,J. Photochem. Photobiol. A: Chem.,Photoactive Component-loaded Nafion Film as a Platform of Hydrogen Generation: Alternative Utilization of a Classical Sensitizing System,"H. Park, Y. Park, E. Bae, W. Choi",203 (2009) 112-118,https://doi.org/10.1016/j.jphotochem.2008.12.025
2009,J. Electrochem. Soc.,Plasma-Enhanced ALD of TiO2 Thin Films on SUS 304 Stainless Steel for Photocatalytic Application,"C.-S. Lee, J. Kim, J. Y. Son, W. J. Maeng, D.-H. Jo, W. Choi, H. Kim",156 (2009) D188-D192,https://doi.org/10.1149/1.3095515
2009,Environ. Sci. Technol.,Oxidative Degradation of Organic Compounds Using Zero-Valent Iron in the Presence of Natural Organic Matter Serving as an Electron Shuttle,"S.-H. Kang, W. Choi",43 (2009) 878-883. (2009.2.1),https://doi.org/10.1021/es900076m
2009,J. Phys. Chem. A,Reductive Defluorination of Aqueous Perfluorinated Alkyl Surfactants: Effects of Ionic Headgroup and Chain Length,"H. Park, C. D. Vecitis, J. Cheng, W. Choi, B. T. Mader, M. R. Hoffmann",113 (2009) 690-696,https://doi.org/10.1021/jp807116q
2009,Environ. Asia,Enhancement of Catalytic Performance of MCM-41 Synthesized with Rice Husk Silica by Addition of Titanium Dioxide for Photodegradation of Alachlor,"S. Artkla, W. Choi, J. Wittayakun",1 (2009) 41-48,https://doi.org/10.14456/ea.2009.7
2008,J. Phys. Chem. C,Effect of the Agglomerated State on the Photocatalytic Hydrogen Production with In Situ Agglomeration of Colloidal TiO2 Nanoparticles,"N. Lakshminarasimhan, W. Kim, W. Choi",112 (2008) 20451-20457. (2008.12.25),https://doi.org/10.1021/jp808541v
2008,Appl. Catal. A,Role of Platinum-like Tungsten Carbide as Cocatalyst of CdS Photocatalyst for Hydrogen Production under Visible Light Irradiation,"J. S. Jang, D. J. Ham, N. Lakshminarasimhan, W. Choi, J. S. Lee",346 (2008) 149-154,https://doi.org/10.1016/j.apcata.2008.05.020
2008,J. Phys. Chem. C,Photocatalytic Hydrogen Production with Visible Light over Pt-Interlinked Hybrid Composites of Cubic-Phase and Hexagonal-Phase CdS,"L. A. Silva, S. Y. Ryu, J. Choi, W. Choi, M. R. Hoffmann",112 (2008) 12069-12073. (2008.8.14),https://doi.org/10.1021/jp8037279
2008,Appl. Catal. B: Environ.,Simultaneous Conversion of Dye and Hexavalent Chromium in Visible Light-Illuminated Aqueous Solution of Polyoxometalate as an Electron Transfer Catalyst,"S. Kim, J. Yeo, W. Choi",84 (2008) 148-155. (2008.10.25),https://doi.org/10.1016/j.apcatb.2008.03.012
2008,J. Mater. Chem.,Effects of the Preparation method of the Ternary CdS/TiO2/Pt Hybrid Photocatalysts on Visible Light-induced Hydrogen Production,"H. Park, W. Choi, M. R. Hoffmann",18 (2008) 2379-2385,https://doi.org/10.1039/b718759a
2008,Chemosphere,Photocatalytic Bacterial Inactivation by Polyoxometalates,"E. Bae, J. W. Lee, B. H. Hwang, J. Yeo, J. Yoon, H. J. Cha, W. Choi",72 (2008) 174-181,https://doi.org/10.1016/j.chemosphere.2008.01.071
2008,Adv. Mater.,Bifunctional Heterogeneous Catalysts for Selective Epoxidation and Visible Light Driven Photolysis: Nickel Oxide-Containing Porous Nanocomposite,"T. W. Kim, S.-J. Hwang, S. H. Jhung, J.-S. Chang, H. Park, W. Choi, J.-H. Choy",20 (2008) 539-542,https://doi.org/10.1002/adma.200701677
2008,Chem. Phys. Lett.,Role of Valency Ordering on the Visible Light Photocatalytic Activity of BaBi3+0.5Bi5+0.5O3,"N. Lakshminarasimhan, Y. Park, W. Choi",452 (2008) 264-268,https://doi.org/10.1016/j.cplett.2007.12.050
2008,J. Phys. Chem. C,Visible Light Photocatalysts Based on Homogeneous and Heterogenized Tin Porphyrins,"W. Kim, J. Park, H. J. Jo, H.-J. Kim, W. Choi",112 (2008) 491-499,https://doi.org/10.1021/jp0747151
2008,J. Phys. Chem. C,Solar-Powered Production of Molecular Hydrogen from Water,"H. Park, C. D. Vecitis, W. Choi, O. Weres, M. R. Hoffmann",112 (2008) 885-889,https://doi.org/10.1021/jp710723p
2008,Chem. Commun.,Synergic Effect of Simultaneous Fluorination and Platinization of TiO2 Surface on Anoxic Photocatalytic Degradation of Organic Compounds,"J. Kim, J. Lee, W. Choi",756-758 (2008),https://doi.org/10.1039/b715868h
2008,Environ. Sci. Technol.,Substrate-Specific Photocatalytic Activities of TiO2 and Multi-Activity Test for Water Treatment Application,"J. Ryu, W. Choi",42 (2008) 294-300,https://doi.org/10.1021/es071470x
2008,J. Ind. Eng. Chem.,Ruthenium Bipyridyl Complex-Sensitized Dechlorination of CCl4 in Aqueous Micellar Solutions under Visible Light,"Y. Cho, Y. Park, W. Choi",14 (2008) 315-321,https://doi.org/10.1016/j.jiec.2008.01.003
2007,Sol. Energy Mater. Sol. Cells,On the I–V Measurement of Dye-sensitized Solar Cell: Effect of Cell Geometry on Photovoltaic Parameters,"J. Park, H.-J. Koo, B. Yoo, K. Yoo, K. Kim, W. Choi, N.-G. Park",91 (2007) 1749-1754,https://doi.org/10.1016/j.solmat.2007.06.002
2007,J. Phys. Chem. C,Enhanced Photocatalytic Production of H2 on Mesoporous TiO2 Prepared by Template-free Method: The Role of Interparticle Charge Transfer,"N. Lakshminarasimhan, E. Bae, W. Choi",111 (2007) 15244-15250,https://doi.org/10.1021/jp0752724
2007,Mater. Res. Bull.,Substitution Effect of Pentavalent Bismuth Ions on the Electronic Structure and Physicochemical Properties of Perovskite-Structured Ba(In0.5Ta0.5−xBix)O3 Semiconductors,"T. W. Kim, S. G. Hur, S.-J. Hwang, H. Park, Y. Park, W. Choi, J.-H. Choy",42 (2007) 1914-1920,https://doi.org/10.1016/j.materresbull.2006.12.010
2007,Environ. Sci. Technol.,Photocatalytic Oxidation of Arsenite on TiO2: Understanding the Controversial Oxidation Mechanism Involving Superoxides and the Effect of Alternative Electron Acceptors,"J. Ryu, W. Choi, Response to Comment on",41 (2007) 6313-6314,https://doi.org/10.1021/es070349n
2007,Environ. Sci. Technol.,Ferrioxalate-Polyoxometalate System as a New Chemical Actinometer,"J. Lee, J. Kim, W. Choi",41 (2007) 5433-5438,https://doi.org/10.1021/es070474z
2007,Environ. Sci. Technol.,Oxidation on Zero-Valent Iron Promoted by Polyoxometalate as an Electron Shuttle,"J. Lee, J. Kim, W. Choi",41 (2007) 3335-3340,https://doi.org/10.1021/es062430g
2007,Chem. Phys. Lett.,Effects of p- and d-Block Metal Co-substitution on the Electronic Structure and Physicochemical Properties of InMO4 (M = Nb and Ta) Semiconductors,"S.T. Lim, T. W. Kim, S. G. Hur, S.-J. Hwang, H. Park, W. Choi, J.-H. Choy",434 (2007) 251-255,https://doi.org/10.1016/j.cplett.2006.12.030
2007,Adv. Functional Mater.,Heterostructured Visible Light Active Photocatalyst of Chromia Nanoparticle Layered Titanate,"T. W. Kim, S. G. Hur, S.-J. Hwang, H. Park, W. Choi, J.-H. Choy",17 (2007) 307-314,https://doi.org/10.1002/adfm.200600022
2007,Chemosphere,Inactivation of Escherichia coli in the electrochemical disinfection process using a Pt anode,"J. Jeong, J. Y. Kim, M. Cho, W. Choi, J. Yoon",67 (2007) 652-659,https://doi.org/10.1016/j.chemosphere.2006.11.035
2007,J. Phys. Chem. C,Chemical Bonding Character and Physicochemical Properties of Mesoporous Zinc Oxide-Layered Titanate Nanocomposites,"T. W. Kim, S.-J. Hwang, Y. Park, W. Choi, J.-H. Choy",111 (2007) 1658-1664,https://doi.org/10.1021/jp0662552
2007,Chem. Lett.,Preparation of Gold and Platinum Nanoparticles Using Visible Light Activated Fe(III)-complex,"J. Lee, J. Ryu, W. Choi",36 (2007) 176-177,https://doi.org/10.1246/cl.2007.176
2007,Appl. Catal. B: Environ.,Effects of Surface Fluorination of TiO2 on Photocatalytic Oxidation of Gaseous Acetaldehyde,"H. Kim, W. Choi",69 (2007) 127-132,https://doi.org/10.1016/j.apcatb.2006.06.011
2007,"(article in Korean), J. Korean Ind. Eng. Chem.",Inconsistent Activities of Titanium Oxide Photocatalysts,"J. Ryu, W. Choi",18 (2007) 371-375,
2006,Environ. Sci. Technol.,Photocatalytic Oxidation of Arsenite on TiO2: Understanding the Controversial Oxidation Mechanism Involving Superoxides and the Effect of Alternative Electron Acceptors,"J. Ryu, W. Choi",40 (2006) 7034-7039,https://doi.org/10.1021/es0612403
2006,Water Res.,Study on Fe(VI) Species as a Disinfectant: Quantitative Evaluation and Modeling for Inactivating Escherichia Coli,"M. Cho, Y. Lee, W. Choi, H. Chung, J. Yoon",40 (2006) 3580-3586,https://doi.org/10.1016/j.watres.2006.05.043
2006,J. Phys. Chem. B,Effect of the Anchoring Group (Carboxylate vs Phosphonate) in Ru-Complex Sensitized TiO2 on Hydrogen Production under Visible Light,"E. Bae, W. Choi",110 (2006) 14792-14799,https://doi.org/10.1021/jp062540+
2006,J. Nanosci. Nanotechnol.,A Composite Photocatalyst of CdS Nanoparticles Deposited on TiO2 Nanosheets,"J. S. Jang, S. H. Choi, H. Park, W. Choi, J. Lee",6 (2006) 3642-3646,https://doi.org/10.1166/jnn.2006.073
2006,J. Phys. Chem. B,The Effect of Anchoring Group in Ru-bipyridyl Sensitizers on the Photoelectrochemical Behavior of Dye-Sensitized TiO2 Electrodes: Carboxylate vs. Phosphonate Linkages,"H. Park, E. Bae, J.-J. Lee, J. Park, W. Choi",110 (2006) 8740-8749,https://doi.org/10.1021/jp060397e
2006,Langmuir,Visible Light Sensitized Production of Hydrogen Using Perfluorosulfonate Polymer-Coated TiO2 Nanoparticles: an Alternative Approach in Sensitizer Anchoring,"H. Park, W. Choi",22 (2006) 2906-2911.*,https://doi.org/10.1021/la0526176
2006,Catalysis Surveys from Asia,Pure and Modified TiO2 Photocatalysts and Their Environmental Applications,W. Choi,10 (2006) 16-28,https://doi.org/10.1007/s10563-006-9000-2
2006,Catalysis Today,Study of Special Cases Where the Enhanced Photocatalytic Activities of Pt/TiO2 Vanish under Low Light Intensity,"H. Park, J. Lee, W. Choi",111 (2006) 259-265,https://doi.org/10.1016/j.cattod.2005.10.035
2006,Limnol. Oceanogr.,Contribution of Phytoplankton and Bacterial Cells to the Measured Alkalinity of Seawater,"H.-C. Kim, K. Lee, W. Choi",51 (2006) 331-338,https://doi.org/10.4319/lo.2006.51.1.0331
2005,J. Phys. Chem. B,Visible Light Active Platinum Ion-Doped TiO2 Photocatalyst,"S. Kim, S.-J. Hwang, W. Choi",109 (2005) 24260-24267,https://doi.org/10.1021/jp055278y
2005,Chem. Lett.,Remote Photocatalytic Oxidation Mediated by Active Oxygen Species Penetrating and Diffusing through Polymer Membrane over Surface Fluorinated TiO2,"J. S. Park, W. Choi",34 (2005) 1630-1631,https://doi.org/10.1246/cl.2005.1630
2005,Environ. Sci. Technol.,"Photocatalytic Degradation of N-Nitrosodimethylamine: Mechanism, Product Distribution, and TiO2 Surface Modification","J. Lee, W. Choi, J. Yoon",39 (2005) 6800-6807,https://doi.org/10.1021/es0481777
2005,J. Phys. Chem. B,"Synthesis of New Visible Light Active Photocatalysts of Ba(In1/3Pb1/3M’1/3)O3 (M’ = Nb, Ta) : A Bandgap Engineering Strategy Based on Electronegativity of Metal Component","S. G. Hur, T. W. Kim, S.-J. Hwang, H. Park, W. Choi, S. J. Kim, J.-H. Choy",109 (2005) 15001-15007,https://doi.org/10.1021/jp0582235
2005,Angew. Chem. Int. Ed.,Photocatalytic Nanodiodes for Visible Light Photocatalysis,"H. G. Kim, P. H. Borse, W. Choi, J. S. Lee",44 (2005) 4585-4589,https://doi.org/10.1002/anie.200500064
2005,Chem. Phys. Lett.,Electron Affinity and Inversion Distortion of Dibenzo-p-dioxin,"J. E. Lee, W. Choi, S. Odde, B. J. Mhin, K. Balasubramanian",410 (2005) 142-146,https://doi.org/10.1016/j.cplett.2005.05.018
2005,Chem. Lett.,A Highly Sensitive Spectrophotometric Method for the Determination of Cr(VI) Concentration,"S.-K. Lee, W. Choi",34 (2005) 816-817,https://doi.org/10.1246/cl.2005.816
2005,J. Phys. Chem. B,Photocatalytic Reactivities of Nafion-Coated TiO2 for the Degradation of Charged Organic Compounds under UV or Visible Light,"H. Park, W. Choi",109 (2005) 11667-11674,https://doi.org/10.1021/jp051222s
2005,J. Appl. Electrochem.,Enhanced Photocatalytic Degradation of Tetramethylammonium on Silica-Loaded Titania,"M. S. Vohra, J. Lee, W. Choi",35 (2005) 757-763,https://doi.org/10.1007/s10800-005-1365-9
2005,Water Sci. Technol.,A Pilot-scale Photocatalyst-Membrane Hybrid Reactor : Performance and Characterization,"J. Ryu, W. Choi, K.-H. Choo",51 (2005) 491-497,https://doi.org/10.2166/wst.2005.0672
2005,J. Phys. Chem. B,Photocatalytic Reactivity of Surface Platinized TiO2: Substrate Specificity and the Effect of Pt Oxidation State,"J. Lee, W. Choi",109 (2005) 7399-7406,https://doi.org/10.1021/jp044425+
2005,Environ. Sci. Technol.,Simultaneous and Synergistic Conversion of Dyes and Heavy Metal Ions in Aqueous TiO2 Suspensions under Visible Light Illumination,"H. Kyung, J. Lee, W. Choi",39 (2005) 2376-2382,https://doi.org/10.1021/es0492788
2005,J. Phys. Chem. B,Visible Light-Induced Photocatalytic Degradation of 4-Chlorophenol and Phenolic Compounds in Aqueous Suspension of Pure Titania: Demonstrating the Existence of Surface Complex-Mediated Path,"S. Kim, W. Choi",109 (2005) 5143-5149,https://doi.org/10.1021/jp045806q
2005,Environ. Sci. Technol.,UV Photolytic Mechanism of N-Nitrosodimethylamine in Water: Dual Pathways to Methylamine versus Dimethylamine,"C. Lee, W. Choi, Y. G. Kim, J. Yoon",39 (2005) 2101-2106,https://doi.org/10.1021/es0488941
2005,Environ. Sci. Technol.,UV Photolytic Mechanism of N-Nitrosodimethylamine in Water: Roles of Dissolved Oxygen and Solution pH,"C. Lee, W. Choi, J. Yoon",39 (2005) 9702-9709,https://doi.org/10.1021/es051235j
2005,Catalysis Today,Photocatalytic Conversion of Benzene to Phenol Using Modified TiO2 and Polyoxometalates,"H. Park, W. Choi",101 (2005) 291-297,https://doi.org/10.1016/j.cattod.2005.03.014
2005,J. Solid State Chem.,Oxygen Nonstoichiometry () of TiO2- - Revisited,"D.-K. Lee, J.-I. Jeon, M.-H. Kim, W. Choi, H.-I. Yoo",178 (2005) 185-193,https://doi.org/10.1016/j.jssc.2004.07.034
2005,Appl. Environ. Microbiol.,Different Inactivation Behaviors of MS-2 Phage and Escherichia coli in TiO2 Photocatalytic Disinfection,"M. Cho, H. Chung, W. Choi, J. Yoon",71 (2005) 270-275,https://doi.org/10.1128/aem.71.1.270-275.2005
2004,Langmuir,Enhanced Remote Photocatalytic Oxidation on Surface Fluorinated TiO2,"J. S. Park, W. Choi",20 (2004) 11523-11527,https://doi.org/10.1021/la048051n
2004,Adv. Mater.,Photocatalysis Using ZnO Thin Films and Nanoneedles Grown by Metal-Organic Chemical Vapor Deposition,"J. L. Yang, S. J. An, W. I. Park, G.-C. Yi, W. Choi",16 (2004) 1661-1664,https://doi.org/10.1002/adma.200306673
2004,J. Phys. Chem. B,Effects of Surface Anchoring Groups (Carboxylate vs Phosphonate) in Ruthenium-Complex Sensitized TiO2 on Visible Light Reactivity in Aqueous Suspensions,"E. Bae, W. Choi, J. Park, H. S. Shin, S. B. Kim, J. S. Lee",108 (2004) 14093-14101,https://doi.org/10.1021/jp047777p
2004,Environ. Sci. Technol.,Effect of Pt Deposits on TiO2 on the Anoxic Photocatalytic Degradation Pathways of Alkylamines in Water: Dealkylation and N-Alkylation,"J. Lee, W. Choi",38 (2004) 4026-4033,https://doi.org/10.1021/es034954b
2004,J. Phys. Chem. B,Comparative Study of Homogeneous and Heterogeneous Photocatalytic Redox Reactions: PW12O403- vs. TiO2,"S. Kim, H. Park, W. Choi",108 (2004) 6402-6411,
2004,Appl. Catal. B: Environ.,Visible Light Activity of TiO2 for the Photoreduction of CCl4 and Cr(VI) in the Presence of Nonionic Surfactant (Brij),"Y. Cho, H. Kyung, W. Choi",52 (2004) 23-32,https://doi.org/10.1016/j.apcatb.2004.03.013
2004,Environ. Sci. Technol.,Effects of TiO2 Surface Modifications on Photocatalytic Oxidation of Arsenite: The Role of Superoxides,"J. Ryu, W. Choi",38 (2004) 2928-2933,https://doi.org/10.1021/es034725p
2004,J. Photochem. Photobiol. A: Chem.,Novel Complexation between Ferric Ions and Nonionic Surfactants (Brij) and Its Visible Light Activity for CCl4 Degradation in Aqueous Micellar Solutions,"Y. Cho, H. Park, W. Choi",165 (2004) 43-50,https://doi.org/10.1016/j.jphotochem.2004.02.019
2004,J. Phys. Chem. B,Effects of TiO2 Surface Fluorination on Photocatalytic Reactions and Photoelectrochemical Behaviors,"H. Park, W. Choi",108 (2004) 4086-4093,https://doi.org/10.1021/jp036735i
2004,Environ. Sci. Technol.,Solvent-Specific Photolytic Behavior of Octachlorodibenzo-p-dioxin,"J. Choi, W. Choi, B. J. Mhin",38 (2004) 2082-2088,https://doi.org/10.1021/es034916s
2004,J. Phys. Chem. A,Theoretical Study on the Reaction of OH Radicals with Polychlorinated Dibenzo-p-dioxins,"J. E. Lee, W. Choi, B. J. Mhin, K. Balasubramanian",108 (2004) 607-614,https://doi.org/10.1021/jp036084q.s001
2004,Water Research,Linear Correlation between Inactivation of E. coli and OH Radical Concentration in TiO2 Photocatalytic Disinfection,"M. Cho, H. Chung, W. Choi, J. Yoon",38 (2004) 1069-1077,https://doi.org/10.1016/j.watres.2003.10.029
2004,J. Ind. Eng. Chem.,Development of Thermochemical Destruction Method of Perfluorocarbons (PFCs),"M. C. Lee, W. Choi",10 (2004) 107-114,https://doi.org/10.1021/jp049789g
2003,Appl. Catal. B: Environ.,Highly Enhanced Photocatalytic Oxidation of CO on Titania Deposited with Pt Nanoparticles: Kinetics and Mechanism,"S. Hwang, M. C. Lee, W. Choi",46 (2003) 49-63,https://doi.org/10.1016/s0926-3373(03)00162-0
2003,J. Photochem. Photobiol. A: Chem.,Effects of Surface Fluorination of TiO2 on the Photocatalytic Degradation of Tetramethylammonium,"M. S. Vohra, S. Kim, W. Choi",160 (2003) 55-60,https://doi.org/10.1016/s1010-6030(03)00221-1
2003,J. Photochem. Photobiol. A: Chem.,Visible Light and Fe(III)-Mediated Degradation of Acid Orange 7 in the Absence of H2O2,"H. Park, W. Choi",159 (2003) 241-247,https://doi.org/10.1016/s1010-6030(03)00141-2
2003,J. Phys. Chem. B,Photoelectrochemical Investigation on Electron Transfer Mediating Behaviors of Polyoxometalate in UV-illuminated Suspensions of TiO2 and Pt/TiO2,"H. Park, W. Choi",107 (2003) 3885-3890,https://doi.org/10.1021/jp027732t
2003,J. Phys. Chem. A,DFT Calculation on the Thermodynamic Properties of Polychlorinated Dibenzo-p-dioxins: Intramolecular Cl-Cl Repulsion Effects and Their Thermochemical Implications,"J. E. Lee, W. Choi, B. J. Mhin",107 (2003) 2693-2699,https://doi.org/10.1021/jp027133m
2003,Microporous Mesoporous Mater.,New Nanoporous Carbon Materials with High Adsorption Capacity and Rapid Adsorption Kinetics for Removing Humic Acids,"S. Han, S. Kim, H. Lim, W. Choi, H. Park, J. Yoon, T. Hyeon",58 (2003) 131-135,https://doi.org/10.1016/s1387-1811(02)00611-x
2003,Environ. Sci. Technol.,Highly Enhanced Photoreductive Degradation of Perchlorinated Compounds on Dye-Sensitized Metal/TiO2 under Visible Light,"E. Bae, W. Choi",37 (2003) 147-152,https://doi.org/10.1021/es025617q
2003,Bull. Korean Chem. Soc.,DFT Calculation on the Electron Affinity of Polychlorinated Dibenzo-p-dioxins,"J. E. Lee, W. Choi, B. J. Mhin",24 (2003) 792-796,https://doi.org/10.5012/bkcs.2003.24.6.792
2003,J. Ind. Eng. Chem.,Nano Pt Particles on TiO2 and Their Effects on Photocatalytic Reactivity,"W. Choi, J. Lee, S. Kim, S. Hwang, M. C. Lee, T. K. Lee",9 (2003) 96-101,https://www.cheric.org/PDF/JIEC/IE09/IE09-1-0096.pdf
2003,J. Ind. Eng. Chem.,Rapid Sonochemical Synthesis of Spherical-shaped Mesoporous SBA-15 Silica and Ti-incorporated SBA-15 Silica Materials,"S. K. Lee, J. Lee, J. Joo, T. Hyeon, W. S. Ahn, H.-I. Lee, C.-H. Lee, W. Choi",9 (2003) 83-88,https://www.cheric.org/research/tech/periodicals/view.php?seq=395436
2003,"(Invited review article in Korean), J. Korean Ind. Eng. Chem.",Studies on TiO2 Photocatalytic Reactions,W. Choi,14 (2003) 1011-1022,
2002,J. Phys. Chem. B,Dual Photocatalytic Pathways of Trichloroacetate Degradation on TiO2: Effects of Nanosized Platinum Deposits on Kinetics and Mechanism,"S. Kim, W. Choi",106 (2002) 13311-13317,https://doi.org/10.1021/jp0262261
2002,Environ. Sci. Technol.,Selective Photocatalytic Oxidation of NH3 to N2 on Platinized TiO2 in Water,"J. Lee, H. Park, W. Choi",36 (2002) 5462-5468,https://doi.org/10.1021/es025930s
2002,J. Phys. Chem. B,Solid Phase Photocatalytic Reaction on the Soot/TiO2 Interface: The Role of Migrating OH Radicals,"M.C. Lee, W. Choi",106 (2002) 11818-11822,https://doi.org/10.1021/jp026617f
2002,Chemosphere,PCB Levels and Congener Patterns from Korean Municipal Waste Incinerator Stack Emissions,"M. G. Ikonomou, P. Sather, J.-E. Oh, W. Choi, Y.-S. Chang",49 (2002) 205-216,https://doi.org/10.1016/s0045-6535(02)00102-9
2002,Environ. Sci. Technol.,Photocatalytic Oxidation of Arsenite in TiO2 Suspension: Kinetics and Mechanisms,"H. Lee, W. Choi",36 (2002) 3872-3878,https://doi.org/10.1021/es0158197
2002,J. Phys. Chem. B,Photoelectrochemical Approach for Metal Corrosion Prevention Using a Semiconductor Photoanode,"H. Park, K.Y. Kim, W. Choi",106 (2002) 4775-4781,https://doi.org/10.1021/jp025519r
2002,Environ. Sci. Technol.,Kinetics and Mechanisms of Photocatalytic Degradation of (CH3)nNH4-n+ (0≤n≤4) in TiO2 Suspension: The Role of OH Radicals,"S. Kim, W. Choi",36 (2002) 2019-2025,https://doi.org/10.1021/es015560s
2002,Environ. Sci. Technol.,Efficient Destruction of CF4 through in-situ Generation of Alkali Metals from Heated Alkali Halide Reducing Mixtures,"M.C. Lee, W. Choi",36 (2002) 1367-1371,https://doi.org/10.1021/es010698w
2002,J. Am. Chem. Soc.,Understanding the Congener-Specific Toxicity in Polychlorinated Dibenzo-p-dioxins: Chlorination Pattern and Molecular Quadrupole Moment,"B. J. Mhin, J. E. Lee, W. Choi",124 (2002) 144-148,https://doi.org/10.1021/ja016913q
2002,J. Photochem. Photobiol. A: Chem.,Visible Light-Induced Reactions of Humic Acids on TiO2,"Y. Cho, W. Choi",148 (2002) 129-135,https://doi.org/10.1016/s1010-6030(02)00082-5
2002,Corrosion Science and Technology,Using Solar Light for Metal Corrosion Prevention,"W. Choi, H. Park, K. Y. Kim",31 (2002) 243-246,
2001,J. Photochem. Photobiol. A: Chem.,Solid-Phase Photocatalytic Degradation of PVC-TiO2 Polymer Composites,"S. Cho, W. Choi",143 (2001) 221-228,https://doi.org/10.1016/s1010-6030(01)00499-3
2001,J. Am. Chem. Soc.,A Simple Rule for Classification of Polychlorinated Dibenzo-p-Dioxin Congeners on the Basis of IR-Frequency Patterns,"B. J. Mhin, J. Choi, W. Choi",123 (2001) 3584-3587,https://doi.org/10.1021/ja0055615
2001,Appl. Catal. B: Environ.,Investigation on TiO2-Coated Optical Fibers for Gas-Phase Photocatalytic Oxidation of Acetone,"W. Choi, J. Y. Ko, H. Park, J. S. Chung",31 (2001) 209-220,https://doi.org/10.1016/s0926-3373(00)00281-2
2001,Ind. Eng. Chem. Res.,Use of Ultrafiltration Membranes for the Separation of TiO2 Photocatalysts in Drinking Water Treatment,"S.-A. Lee, K.-H. Choo, C.-H. Lee, H.-I. Lee, T. Hyeon, W. Choi, H.-H. Kwon",40 (2001) 1712-1719,https://doi.org/10.1021/ie000738p
2001,Chem. Commun.,A Novel Photoelectrochemical Method of Metal Corrosion Prevention Using a TiO2 Solar Panel,"H. Park, K.Y. Kim, W. Choi",281-282 (2001),https://doi.org/10.1039/b008106j
2001,Environ. Sci. Technol.,Visible Light-Induced Degradation of Carbon Tetrachloride on Dye-Sensitized TiO2,"Y. Cho, W. Choi, C.-H. Lee, T. Hyeon, H.-I. Lee",35 (2001) 966-970,https://doi.org/10.1021/es001245e
2001,Bull. Korean Chem. Soc.,UV Light Induced Photocatalytic Degradation of Cyanides in Aqueous Solution over Modified TiO2,"H.-J. Kim, L. Lu, J.-H. Kim, C.-H. Lee, T. Hyeon, W. Choi, H.-I. Lee",22 (2001) 1371-1374,https://doi.org/10.1002/chin.200222012
2001,Korean J. Chem. Eng.,Photocatalytic Reactivity and Diffusing OH Radicals in the Reaction Medium Containing TiO2 Particles,"W. Choi, S. Kim, S. Cho, H.-I. Yoo, M.-H. Kim",18 (2001) 898-902,https://doi.org/10.1007/bf02705615
2001,Korean J. Chem. Eng.,"Correlations among Defect Type, Photoconductivity and Photoreactivity of Doped TiO2","M.-H. Kim, S.-I. Lee, T.-K. Song, H. Park, W. Choi, H.-I. Yoo, T.-G. Park",18 (2001) 873-878,https://doi.org/10.1007/bf02705611
2000,Environ. Sci. Technol.,Photocatalytic Degradation of Polychlorinated Dibenzo-p-dioxins on TiO2 Film under UV or Solar Light Irradiation,"W. Choi, S. J. Hong, Y.-S. Chang, Y. Cho",34 (2000) 4810-4815,https://doi.org/10.1021/es0011461
2000,J. Chem. Phys.,Ab Initio Investigations on the HOSO2 + O2 → SO3 + HO2 Reaction,"D. Majumdar, G.-S. Kim, J. Kim, K. S. Oh, J. Y. Lee, K. S. Kim, W. Choi, S.-H. Lee, M.-H. Kang, B. J. Mhin",112 (2000) 723-730,https://doi.org/10.1063/1.480605
1998,J. Phys. Chem. A,Nitric Acid Uptake and Decomposition on Black Carbon (Soot) Surfaces: Its Implications for the Upper Troposphere and Lower Stratosphere,"W. Choi, M.-T. Leu",102 (1998) 7618-7630,https://doi.org/10.1021/jp981647x
1998,"(article in Korean), Catalysis",Principles and Characteristics of Semiconductor Photocatalysis,W. Choi,14 (1998) 25-35,
1997,Geophys. Res. Lett.,Kinetics of the Heterogeneous Reaction CO + O → CO2 on Inorganic Oxide and Water Ice Surfaces: Implications for the Martian Atmosphere,"W. Choi, M.-T. Leu",24 (1997) 2957-2960,https://doi.org/10.1029/97gl03103
1997,Environ. Sci. Technol.,"Novel Photocatalytic Mechanism of CHCl3, CHBr3, and CCl3CO2- Degradation and the Fate of Photogenerated Trihalomethyl Radicals on TiO2","W. Choi, M. R. Hoffmann",31 (1997) 89-95,https://doi.org/10.1021/es960157k
1996,J. Phys. Chem.,Kinetics and Mechanism of CCl4 Photoreductive Degradation on TiO2: The Role of Trichloromethyl Radical and Dichlorocarbene,"W. Choi, M. R. Hoffmann",100 (1996) 2161-2169,https://doi.org/10.1021/jp951431k
1995,Environ. Sci. Technol.,Photoreductive Mechanism of CCl4 Degradation on TiO2 Particles and Effects of Electron Donors,"W. Choi, M. R. Hoffmann",29 (1995) 1646-1654,https://doi.org/10.1021/es00006a031
1995,Chem. Rev.,Environmental Applications of Semiconductor Photocatalysis,"M. R. Hoffmann, S. T. Martin, W. Choi, D. W. Bahnemann",95 (1995) 69-96,https://doi.org/10.1021/cr00033a004
1994,J. Phys. Chem.,The Role of Metal-Ion Dopants in Quantum-Sized TiO2: Correlation between Photoreactivity and Charge-Carrier Recombination Dynamics,"W. Choi, A. Termin, M. R. Hoffmann",98 (1994) 13669-13679,https://doi.org/10.1021/j100102a038
1994,J. Chem. Soc. Faraday Trans.,Time-Resolved Microwave Conductivity (TRMC): I. TiO2 Photoreactivity and Size-Quantization,"S. T. Martin, H. Hermann, W. Choi, M. R. Hoffmann",90 (1994) 3315-3322,https://doi.org/10.1039/FT9949003315
1994,Angew. Chem. Int. Ed. Engl.,Effects of Metal-Ion Dopants on the Photocatalytic Reactivity on Quantum-Sized TiO2 Particles,"W. Choi, A. Termin, M. R. Hoffmann",33 (1994) 1091-1092,https://doi.org/10.1002/anie.199410911
1993,Surface Science,"Interactions of Low Energy (10 - 600 eV) Noble Gas Ions with a Graphite Surface: Surface Penetration, Trapping and Self-Sputtering Behaviors","W. Choi, C. Kim, H. Kang",281 (1993) 323-335,https://doi.org/10.1016/0167-2584(93)91211-6
1990,Radiation Effects and Defects in Solids,Ion and X-ray Induced Decomposition of Alkali Halates. A Comparative Study of the Radiation Induced Reaction Paths,"C. D. Park, W. Y. Choi, H. Kang",115 (1990) 65-72,https://doi.org/10.1080/10420159008220554
1990,Chem. Phys. Lett.,"Low Energy Threshold Behavior of He+, Ne+, Ar+ Ion Penetration into a Graphite (0001) Surface","W. Y. Choi, H. Kang",173 (1990) 316-318,https://doi.org/10.1016/0009-2614(90)85276-i
1990,Bull. Korean Chem. Soc.,Low Energy Ion-Surface Reactor,"W. Y. Choi, T. H. Kang, H. Kang",11 (1990) 290-296,https://doi.org/10.1524/zpch.1995.191.part_2.281
